,NCEP,ECMWF,UKMO,ECCC,CMA,IMD,Rain_clim,Ensemble_rain,Date
0,0,0,0,0,0,0,0,0.0,2016-06-02
1,0,0,0,0,0,0,0,0.0,2016-06-03
2,0,0,0,0,0,0,0,0.0,2016-06-04
3,0,1,0,0,0,0,0,0.2,2016-06-05
4,0,1,0,0,0,0,0,0.2,2016-06-06
5,0,1,0,0,0,0,0,0.2,2016-06-07
6,0,1,0,0,0,0,0,0.2,2016-06-08
7,0,1,0,0,0,0,0,0.2,2016-06-09
8,1,0,0,0,0,0,0,0.2,2016-06-10
9,1,0,0,0,0,0,0,0.2,2016-06-11
10,1,0,0,0,0,0,0,0.2,2016-06-12
11,0,0,0,0,0,0,0,0.0,2016-06-13
12,0,0,0,0,0,0,0,0.0,2016-06-14
13,1,1,0,0,0,0,0,0.4,2016-06-15
14,1,1,0,1,0,0,0,0.6,2016-06-16
15,0,0,0,1,0,0,0,0.2,2016-06-17
16,0,0,0,0,0,0,0,0.0,2016-06-18
17,0,0,0,0,0,0,0,0.0,2016-06-19
18,0,0,0,0,1,0,0,0.2,2016-06-20
19,0,0,0,0,1,0,0,0.2,2016-06-21
20,0,0,0,0,1,0,0,0.2,2016-06-22
21,0,1,0,1,1,0,0,0.6,2016-06-23
22,0,0,0,1,1,1,0,0.4,2016-06-24
23,0,0,0,1,0,0,0,0.2,2016-06-25
24,0,0,1,1,0,0,0,0.4,2016-06-26
25,0,0,1,1,0,0,0,0.4,2016-06-27
26,0,1,1,1,1,1,0,0.8,2016-06-28
27,0,1,1,1,0,1,0,0.6,2016-06-29
28,0,0,1,0,0,1,0,0.2,2016-06-30
29,0,0,1,0,0,0,0,0.2,2016-07-01
30,0,1,1,0,0,1,0,0.4,2016-07-02
31,0,1,1,1,0,1,0,0.6,2016-07-03
32,0,0,0,0,0,0,0,0.0,2016-06-09
33,0,0,0,0,0,0,0,0.0,2016-06-10
34,0,0,0,0,0,0,0,0.0,2016-06-11
35,1,0,0,0,0,0,0,0.2,2016-06-12
36,0,0,0,0,0,0,0,0.0,2016-06-13
37,0,0,0,0,0,0,0,0.0,2016-06-14
38,0,0,0,0,0,0,0,0.0,2016-06-15
39,0,0,0,0,0,0,0,0.0,2016-06-16
40,0,1,0,0,0,0,0,0.2,2016-06-17
41,0,1,0,0,0,0,0,0.2,2016-06-18
42,0,1,0,0,0,0,0,0.2,2016-06-19
43,0,1,0,0,0,0,0,0.2,2016-06-20
44,0,0,0,0,0,0,0,0.0,2016-06-21
45,0,0,0,0,0,0,0,0.0,2016-06-22
46,0,0,0,1,0,0,0,0.2,2016-06-23
47,0,0,1,1,1,1,0,0.6,2016-06-24
48,1,1,1,1,1,0,0,1.0,2016-06-25
49,1,1,1,0,0,0,0,0.6,2016-06-26
50,0,1,1,0,1,0,0,0.6,2016-06-27
51,0,1,0,0,1,1,0,0.4,2016-06-28
52,0,1,0,1,1,1,0,0.6,2016-06-29
53,0,1,0,1,1,1,0,0.6,2016-06-30
54,0,1,0,1,0,0,0,0.4,2016-07-01
55,0,1,0,1,0,1,0,0.4,2016-07-02
56,0,1,0,1,0,1,0,0.4,2016-07-03
57,1,1,0,0,0,1,0,0.4,2016-07-04
58,0,1,0,0,0,1,0,0.2,2016-07-05
59,0,0,0,0,0,1,0,0.0,2016-07-06
60,0,0,0,0,0,0,0,0.0,2016-07-07
61,1,1,0,1,0,0,0,0.6,2016-07-08
62,0,1,0,1,0,1,0,0.4,2016-07-09
63,0,1,0,0,0,1,0,0.2,2016-07-10
64,0,0,0,0,0,0,0,0.0,2016-06-16
65,0,0,0,1,0,0,0,0.2,2016-06-17
66,1,0,1,1,0,0,0,0.6,2016-06-18
67,1,1,1,0,0,0,0,0.6,2016-06-19
68,1,0,0,0,0,0,0,0.2,2016-06-20
69,0,1,0,0,0,0,0,0.2,2016-06-21
70,0,1,0,0,1,0,0,0.4,2016-06-22
71,0,1,0,0,1,0,0,0.4,2016-06-23
72,0,1,0,0,0,1,0,0.2,2016-06-24
73,1,1,1,0,0,0,0,0.6,2016-06-25
74,1,1,1,0,0,0,0,0.6,2016-06-26
75,1,1,1,0,0,0,0,0.6,2016-06-27
76,0,1,1,0,0,1,0,0.4,2016-06-28
77,0,1,1,0,0,1,0,0.4,2016-06-29
78,0,1,0,0,0,1,0,0.2,2016-06-30
79,0,0,0,1,1,0,0,0.4,2016-07-01
80,0,0,0,1,0,1,0,0.2,2016-07-02
81,0,0,0,1,0,1,0,0.2,2016-07-03
82,0,0,0,1,0,1,0,0.2,2016-07-04
83,0,1,0,1,0,1,0,0.4,2016-07-05
84,0,1,0,1,0,1,0,0.4,2016-07-06
85,0,1,0,0,0,0,0,0.2,2016-07-07
86,0,1,1,0,0,0,0,0.4,2016-07-08
87,1,1,1,1,0,1,0,0.8,2016-07-09
88,1,1,1,1,0,1,0,0.8,2016-07-10
89,1,0,0,1,0,1,0,0.4,2016-07-11
90,0,0,0,1,0,1,1,0.2,2016-07-12
91,0,0,0,0,0,1,0,0.0,2016-07-13
92,0,0,0,0,0,0,0,0.0,2016-07-14
93,0,0,0,0,0,0,1,0.0,2016-07-15
94,0,1,0,0,0,0,1,0.2,2016-07-16
95,0,1,0,0,0,0,0,0.2,2016-07-17
96,0,0,0,0,0,0,0,0.0,2016-06-23
97,1,1,0,1,0,1,0,0.6,2016-06-24
98,1,1,1,0,0,0,0,0.6,2016-06-25
99,0,1,1,1,0,0,0,0.6,2016-06-26
100,1,1,1,1,0,0,0,0.8,2016-06-27
101,1,1,0,1,0,1,0,0.6,2016-06-28
102,0,1,1,0,0,1,0,0.4,2016-06-29
103,0,1,1,1,0,1,0,0.6,2016-06-30
104,0,1,1,1,0,0,0,0.6,2016-07-01
105,0,1,1,1,0,1,0,0.6,2016-07-02
106,0,1,0,1,0,1,0,0.4,2016-07-03
107,0,1,0,1,0,1,0,0.4,2016-07-04
108,1,1,0,0,0,1,0,0.4,2016-07-05
109,1,1,0,1,1,1,0,0.8,2016-07-06
110,1,1,1,1,1,0,0,1.0,2016-07-07
111,1,1,1,1,1,0,0,1.0,2016-07-08
112,0,1,0,1,1,1,0,0.6,2016-07-09
113,0,1,0,0,1,1,0,0.4,2016-07-10
114,0,1,0,0,0,1,0,0.2,2016-07-11
115,0,1,0,0,0,1,1,0.2,2016-07-12
116,0,0,0,0,0,1,0,0.0,2016-07-13
117,0,0,0,1,0,0,0,0.2,2016-07-14
118,0,0,0,0,0,0,1,0.0,2016-07-15
119,0,1,0,0,0,0,1,0.2,2016-07-16
120,0,1,0,0,0,0,0,0.2,2016-07-17
121,0,1,0,0,1,0,1,0.4,2016-07-18
122,0,0,0,1,1,0,1,0.4,2016-07-19
123,0,0,1,1,0,0,1,0.4,2016-07-20
124,0,0,1,1,0,0,1,0.4,2016-07-21
125,0,0,0,1,0,1,1,0.2,2016-07-22
126,0,0,1,1,0,1,1,0.4,2016-07-23
127,0,0,0,0,0,0,1,0.0,2016-07-24
128,0,1,1,1,0,1,0,0.6,2016-06-30
129,1,1,1,1,0,0,0,0.8,2016-07-01
130,1,1,1,1,0,1,0,0.8,2016-07-02
131,1,1,1,1,1,1,0,1.0,2016-07-03
132,1,1,0,1,1,1,0,0.8,2016-07-04
133,0,1,0,1,1,1,0,0.6,2016-07-05
134,0,1,1,1,1,1,0,0.8,2016-07-06
135,0,1,1,1,1,0,0,0.8,2016-07-07
136,1,1,1,0,0,0,0,0.6,2016-07-08
137,1,1,0,0,0,1,0,0.4,2016-07-09
138,1,1,0,1,0,1,0,0.6,2016-07-10
139,0,1,0,1,0,1,0,0.4,2016-07-11
140,0,1,0,1,0,1,1,0.4,2016-07-12
141,0,0,0,1,0,1,0,0.2,2016-07-13
142,0,0,0,1,0,0,0,0.2,2016-07-14
143,0,0,0,1,0,0,1,0.2,2016-07-15
144,0,1,0,1,0,0,1,0.4,2016-07-16
145,0,0,0,0,0,0,0,0.0,2016-07-17
146,0,0,0,0,1,0,1,0.2,2016-07-18
147,0,1,0,0,1,0,1,0.4,2016-07-19
148,0,1,0,1,0,0,1,0.4,2016-07-20
149,0,1,0,1,0,0,1,0.4,2016-07-21
150,1,1,0,0,0,1,1,0.4,2016-07-22
151,1,1,0,0,0,1,1,0.4,2016-07-23
152,0,1,0,1,0,0,1,0.4,2016-07-24
153,0,1,0,1,0,0,0,0.4,2016-07-25
154,0,1,0,0,0,0,1,0.2,2016-07-26
155,0,1,0,0,1,1,1,0.4,2016-07-27
156,0,0,0,0,1,0,0,0.2,2016-07-28
157,0,1,0,1,1,0,1,0.6,2016-07-29
158,0,1,0,1,1,0,1,0.6,2016-07-30
159,0,1,0,1,0,1,0,0.4,2016-07-31
160,1,1,0,0,0,0,0,0.4,2016-07-07
161,1,1,1,1,0,0,0,0.8,2016-07-08
162,0,1,1,1,0,1,0,0.6,2016-07-09
163,0,1,1,1,1,1,0,0.8,2016-07-10
164,0,0,1,1,1,1,0,0.6,2016-07-11
165,1,0,0,1,1,1,1,0.6,2016-07-12
166,0,0,0,1,1,1,0,0.4,2016-07-13
167,0,0,0,0,0,0,0,0.0,2016-07-14
168,0,1,0,0,0,0,1,0.2,2016-07-15
169,0,1,0,0,0,0,1,0.2,2016-07-16
170,0,1,0,0,0,0,0,0.2,2016-07-17
171,0,1,0,0,0,0,1,0.2,2016-07-18
172,0,1,0,0,0,0,1,0.2,2016-07-19
173,0,0,0,1,0,0,1,0.2,2016-07-20
174,0,0,0,1,0,0,1,0.2,2016-07-21
175,0,0,0,1,0,1,1,0.2,2016-07-22
176,0,0,0,0,1,1,1,0.2,2016-07-23
177,0,0,0,0,0,0,1,0.0,2016-07-24
178,0,0,0,0,0,0,0,0.0,2016-07-25
179,0,0,0,0,0,0,1,0.0,2016-07-26
180,0,0,0,0,0,1,1,0.0,2016-07-27
181,0,0,0,0,0,0,0,0.0,2016-07-28
182,0,0,0,0,0,0,1,0.0,2016-07-29
183,0,1,0,0,0,0,1,0.2,2016-07-30
184,0,1,0,0,1,1,0,0.4,2016-07-31
185,0,1,0,0,1,1,0,0.4,2016-08-01
186,0,1,0,0,1,1,1,0.4,2016-08-02
187,0,1,0,0,1,1,1,0.4,2016-08-03
188,0,1,0,1,0,1,1,0.4,2016-08-04
189,0,1,0,1,0,1,1,0.4,2016-08-05
190,0,1,0,1,0,1,1,0.4,2016-08-06
191,0,1,0,0,0,1,1,0.2,2016-08-07
192,0,0,0,0,0,0,0,0.0,2016-07-14
193,0,0,0,0,0,0,1,0.0,2016-07-15
194,0,0,0,0,0,0,1,0.0,2016-07-16
195,0,0,0,0,0,0,0,0.0,2016-07-17
196,0,0,0,0,0,0,1,0.0,2016-07-18
197,0,0,0,0,0,0,1,0.0,2016-07-19
198,0,0,0,1,0,0,1,0.2,2016-07-20
199,0,0,0,1,1,0,1,0.4,2016-07-21
200,0,0,0,1,1,1,1,0.4,2016-07-22
201,0,1,1,0,0,1,1,0.4,2016-07-23
202,0,1,1,0,0,0,1,0.4,2016-07-24
203,0,0,0,0,0,0,0,0.0,2016-07-25
204,0,0,0,0,0,0,1,0.0,2016-07-26
205,0,0,0,0,0,1,1,0.0,2016-07-27
206,0,0,0,0,0,0,0,0.0,2016-07-28
207,1,0,0,1,0,0,1,0.4,2016-07-29
208,1,1,0,1,0,0,1,0.6,2016-07-30
209,0,1,0,0,1,1,0,0.4,2016-07-31
210,0,1,0,0,1,1,0,0.4,2016-08-01
211,1,1,0,0,0,1,1,0.4,2016-08-02
212,1,1,0,0,0,1,1,0.4,2016-08-03
213,0,1,0,0,0,1,1,0.2,2016-08-04
214,0,1,0,0,0,1,1,0.2,2016-08-05
215,0,1,0,0,0,1,1,0.2,2016-08-06
216,0,1,0,0,0,1,1,0.2,2016-08-07
217,0,1,0,0,0,0,1,0.2,2016-08-08
218,0,0,0,0,0,0,0,0.0,2016-08-09
219,0,0,0,0,0,0,1,0.0,2016-08-10
220,0,0,0,0,0,0,0,0.0,2016-08-11
221,0,0,0,0,0,0,0,0.0,2016-08-12
222,0,0,0,0,0,0,1,0.0,2016-08-13
223,0,0,0,0,0,0,0,0.0,2016-08-14
224,1,1,0,1,0,0,1,0.6,2016-07-21
225,1,1,1,1,0,1,1,0.8,2016-07-22
226,0,1,1,1,0,1,1,0.6,2016-07-23
227,0,1,0,1,0,0,1,0.4,2016-07-24
228,0,1,0,0,0,0,0,0.2,2016-07-25
229,0,0,0,0,0,0,1,0.0,2016-07-26
230,0,0,0,0,0,1,1,0.0,2016-07-27
231,0,1,0,1,0,0,0,0.4,2016-07-28
232,0,0,0,0,0,0,1,0.0,2016-07-29
233,0,0,0,0,0,0,1,0.0,2016-07-30
234,0,1,0,0,0,1,0,0.2,2016-07-31
235,0,1,0,1,0,1,0,0.4,2016-08-01
236,0,1,1,1,0,1,1,0.6,2016-08-02
237,0,1,1,1,0,1,1,0.6,2016-08-03
238,1,1,1,1,1,1,1,1.0,2016-08-04
239,1,0,1,0,1,1,1,0.6,2016-08-05
240,0,1,1,0,1,1,1,0.6,2016-08-06
241,0,1,0,0,0,1,1,0.2,2016-08-07
242,0,1,0,1,0,0,1,0.4,2016-08-08
243,0,0,0,1,0,0,0,0.2,2016-08-09
244,0,0,0,0,1,0,1,0.2,2016-08-10
245,0,0,0,0,0,0,0,0.0,2016-08-11
246,0,0,1,1,0,0,0,0.4,2016-08-12
247,0,0,0,1,1,0,1,0.4,2016-08-13
248,0,0,0,1,1,0,0,0.4,2016-08-14
249,0,0,0,1,1,0,0,0.4,2016-08-15
250,0,0,0,1,0,0,1,0.2,2016-08-16
251,0,0,0,1,1,0,0,0.4,2016-08-17
252,0,0,0,1,1,0,0,0.4,2016-08-18
253,0,1,0,1,0,0,0,0.4,2016-08-19
254,0,1,0,1,0,0,1,0.4,2016-08-20
255,1,1,0,1,1,0,1,0.8,2016-08-21
256,0,1,0,0,0,0,0,0.2,2016-07-28
257,1,1,0,1,0,0,1,0.6,2016-07-29
258,1,1,0,0,0,0,1,0.4,2016-07-30
259,0,1,1,0,0,1,0,0.4,2016-07-31
260,0,1,1,1,0,1,0,0.6,2016-08-01
261,0,1,1,1,0,1,1,0.6,2016-08-02
262,0,1,1,0,0,1,1,0.4,2016-08-03
263,0,0,0,0,0,1,1,0.0,2016-08-04
264,0,1,0,1,0,1,1,0.4,2016-08-05
265,0,1,0,1,0,1,1,0.4,2016-08-06
266,0,1,0,0,0,1,1,0.2,2016-08-07
267,0,1,0,1,1,0,1,0.6,2016-08-08
268,1,1,0,1,0,0,0,0.6,2016-08-09
269,0,1,0,0,0,0,1,0.2,2016-08-10
270,0,1,0,0,0,0,0,0.2,2016-08-11
271,0,0,0,0,1,0,0,0.2,2016-08-12
272,0,1,0,0,1,0,1,0.4,2016-08-13
273,0,1,0,0,0,0,0,0.2,2016-08-14
274,0,0,0,0,0,0,0,0.0,2016-08-15
275,0,0,0,1,0,0,1,0.2,2016-08-16
276,0,0,0,1,0,0,0,0.2,2016-08-17
277,0,0,0,0,0,0,0,0.0,2016-08-18
278,0,0,0,0,0,0,0,0.0,2016-08-19
279,0,1,0,0,0,0,1,0.2,2016-08-20
280,0,1,0,0,0,0,1,0.2,2016-08-21
281,0,1,0,0,0,0,0,0.2,2016-08-22
282,0,1,0,1,0,0,0,0.4,2016-08-23
283,1,1,0,0,0,0,0,0.4,2016-08-24
284,1,1,0,0,0,0,0,0.4,2016-08-25
285,1,1,0,0,0,0,0,0.4,2016-08-26
286,1,1,0,0,0,1,0,0.4,2016-08-27
287,0,1,0,0,0,0,0,0.2,2016-08-28
288,0,1,1,1,0,1,1,0.6,2016-08-04
289,1,1,1,1,0,1,1,0.8,2016-08-05
290,1,1,1,1,0,1,1,0.8,2016-08-06
291,1,0,0,0,0,1,1,0.2,2016-08-07
292,0,0,0,0,0,0,1,0.0,2016-08-08
293,0,0,0,0,0,0,0,0.0,2016-08-09
294,0,0,0,0,0,0,1,0.0,2016-08-10
295,0,0,0,0,0,0,0,0.0,2016-08-11
296,0,0,0,0,0,0,0,0.0,2016-08-12
297,0,1,0,0,0,0,1,0.2,2016-08-13
298,0,1,0,0,0,0,0,0.2,2016-08-14
299,0,1,0,0,0,0,0,0.2,2016-08-15
300,1,1,0,0,0,0,1,0.4,2016-08-16
301,1,0,0,1,0,0,0,0.4,2016-08-17
302,1,0,0,1,0,0,0,0.4,2016-08-18
303,0,0,0,0,1,0,0,0.2,2016-08-19
304,0,0,0,0,0,0,1,0.0,2016-08-20
305,0,1,0,0,0,0,1,0.2,2016-08-21
306,0,1,0,0,0,0,0,0.2,2016-08-22
307,0,0,0,0,1,0,0,0.2,2016-08-23
308,0,1,0,0,1,0,0,0.4,2016-08-24
309,0,1,0,0,0,0,0,0.2,2016-08-25
310,0,1,0,0,0,0,0,0.2,2016-08-26
311,0,1,0,0,0,1,0,0.2,2016-08-27
312,0,1,0,0,1,0,0,0.4,2016-08-28
313,0,1,0,0,1,0,0,0.4,2016-08-29
314,0,1,0,0,1,0,0,0.4,2016-08-30
315,0,0,0,0,0,1,0,0.0,2016-08-31
316,0,0,0,1,0,0,0,0.2,2016-09-01
317,0,0,0,0,0,0,0,0.0,2016-09-02
318,0,1,0,0,1,0,0,0.4,2016-09-03
319,0,1,0,0,0,0,0,0.2,2016-09-04
320,0,0,0,0,0,0,0,0.0,2016-08-11
321,0,0,0,0,0,0,0,0.0,2016-08-12
322,0,0,0,1,0,0,1,0.2,2016-08-13
323,0,0,0,1,0,0,0,0.2,2016-08-14
324,0,0,0,1,0,0,0,0.2,2016-08-15
325,0,0,0,1,1,0,1,0.4,2016-08-16
326,0,0,0,0,0,0,0,0.0,2016-08-17
327,0,0,0,0,0,0,0,0.0,2016-08-18
328,1,0,0,0,0,0,0,0.2,2016-08-19
329,0,0,0,0,1,0,1,0.2,2016-08-20
330,0,0,0,0,1,0,1,0.2,2016-08-21
331,0,0,0,0,1,0,0,0.2,2016-08-22
332,0,0,0,1,1,0,0,0.4,2016-08-23
333,0,0,0,0,0,0,0,0.0,2016-08-24
334,0,0,0,0,1,0,0,0.2,2016-08-25
335,0,0,0,0,1,0,0,0.2,2016-08-26
336,0,0,0,0,0,1,0,0.0,2016-08-27
337,0,0,0,0,1,0,0,0.2,2016-08-28
338,0,0,0,1,1,0,0,0.4,2016-08-29
339,0,0,0,1,0,0,0,0.2,2016-08-30
340,0,0,0,1,1,1,0,0.4,2016-08-31
341,0,0,0,0,0,0,0,0.0,2016-09-01
342,0,0,0,0,0,0,0,0.0,2016-09-02
343,0,0,0,0,1,0,0,0.2,2016-09-03
344,0,0,0,0,1,0,0,0.2,2016-09-04
345,0,0,0,0,1,0,0,0.2,2016-09-05
346,0,0,0,0,1,0,0,0.2,2016-09-06
347,1,0,0,0,0,0,0,0.2,2016-09-07
348,0,1,0,0,0,0,0,0.2,2016-09-08
349,0,1,0,1,0,0,0,0.4,2016-09-09
350,0,1,0,1,0,0,0,0.4,2016-09-10
351,0,1,0,0,0,1,0,0.2,2016-09-11
352,0,0,0,0,0,0,0,0.0,2016-08-18
353,0,0,0,0,0,0,0,0.0,2016-08-19
354,0,0,0,0,0,0,1,0.0,2016-08-20
355,0,0,0,0,0,0,1,0.0,2016-08-21
356,0,0,0,0,0,0,0,0.0,2016-08-22
357,1,0,0,0,0,0,0,0.2,2016-08-23
358,1,0,0,0,0,0,0,0.2,2016-08-24
359,0,0,0,0,0,0,0,0.0,2016-08-25
360,0,0,0,0,0,0,0,0.0,2016-08-26
361,0,0,0,0,0,1,0,0.0,2016-08-27
362,0,1,0,0,0,0,0,0.2,2016-08-28
363,0,1,0,0,0,0,0,0.2,2016-08-29
364,0,1,0,0,0,0,0,0.2,2016-08-30
365,0,1,0,0,0,1,0,0.2,2016-08-31
366,0,0,0,0,0,0,0,0.0,2016-09-01
367,0,0,0,1,0,0,0,0.2,2016-09-02
368,0,1,0,1,0,0,0,0.4,2016-09-03
369,0,1,0,0,0,0,0,0.2,2016-09-04
370,0,1,0,0,0,0,0,0.2,2016-09-05
371,0,1,0,1,1,0,0,0.6,2016-09-06
372,0,0,0,0,1,0,0,0.2,2016-09-07
373,0,1,0,0,0,0,0,0.2,2016-09-08
374,0,1,0,0,0,0,0,0.2,2016-09-09
375,0,0,0,0,0,0,0,0.0,2016-09-10
376,0,0,0,0,0,1,0,0.0,2016-09-11
377,0,0,0,0,0,0,0,0.0,2016-09-12
378,0,0,0,0,0,0,0,0.0,2016-09-13
379,0,0,0,1,0,1,0,0.2,2016-09-14
380,0,0,0,1,0,1,0,0.2,2016-09-15
381,0,0,0,1,1,1,0,0.4,2016-09-16
382,0,0,0,0,0,1,0,0.0,2016-09-17
383,0,0,0,0,1,0,0,0.2,2016-09-18
384,0,0,0,0,0,0,0,0.0,2016-08-25
385,0,0,0,1,0,0,0,0.2,2016-08-26
386,0,0,0,0,0,1,0,0.0,2016-08-27
387,0,0,0,0,0,0,0,0.0,2016-08-28
388,0,0,1,1,0,0,0,0.4,2016-08-29
389,0,0,0,1,0,0,0,0.2,2016-08-30
390,0,0,0,1,0,1,0,0.2,2016-08-31
391,0,0,0,1,0,0,0,0.2,2016-09-01
392,0,0,0,1,0,0,0,0.2,2016-09-02
393,0,0,0,0,0,0,0,0.0,2016-09-03
394,0,0,0,0,0,0,0,0.0,2016-09-04
395,0,0,0,0,0,0,0,0.0,2016-09-05
396,0,0,0,0,0,0,0,0.0,2016-09-06
397,0,0,0,0,0,0,0,0.0,2016-09-07
398,0,0,0,0,0,0,0,0.0,2016-09-08
399,0,0,0,0,0,0,0,0.0,2016-09-09
400,0,1,0,0,0,0,0,0.2,2016-09-10
401,0,0,0,0,0,1,0,0.0,2016-09-11
402,0,0,0,0,0,0,0,0.0,2016-09-12
403,0,1,0,0,0,0,0,0.2,2016-09-13
404,0,1,0,0,0,1,0,0.2,2016-09-14
405,0,1,0,0,0,1,0,0.2,2016-09-15
406,0,1,0,0,0,1,0,0.2,2016-09-16
407,0,1,0,0,0,1,0,0.2,2016-09-17
408,0,1,0,0,0,0,0,0.2,2016-09-18
409,0,1,0,0,0,0,0,0.2,2016-09-19
410,0,1,0,0,0,0,0,0.2,2016-09-20
411,0,0,0,0,0,1,0,0.0,2016-09-21
412,0,0,0,0,0,1,0,0.0,2016-09-22
413,0,0,0,0,0,1,0,0.0,2016-09-23
414,0,1,0,0,0,1,0,0.2,2016-09-24
415,0,0,0,0,0,1,0,0.0,2016-09-25
416,0,0,0,0,0,0,0,0.0,2016-09-01
417,0,0,0,0,0,0,0,0.0,2016-09-02
418,0,0,0,0,0,0,0,0.0,2016-09-03
419,0,0,0,0,0,0,0,0.0,2016-09-04
420,0,0,0,0,0,0,0,0.0,2016-09-05
421,0,0,0,0,0,0,0,0.0,2016-09-06
422,0,0,0,0,0,0,0,0.0,2016-09-07
423,0,0,0,0,0,0,0,0.0,2016-09-08
424,0,0,0,0,0,0,0,0.0,2016-09-09
425,0,0,0,0,0,0,0,0.0,2016-09-10
426,0,0,0,0,0,1,0,0.0,2016-09-11
427,0,0,0,0,0,0,0,0.0,2016-09-12
428,0,1,0,0,0,0,0,0.2,2016-09-13
429,0,1,0,1,0,1,0,0.4,2016-09-14
430,0,1,0,1,0,1,0,0.4,2016-09-15
431,0,1,0,1,0,1,0,0.4,2016-09-16
432,0,1,0,1,0,1,0,0.4,2016-09-17
433,0,1,0,0,0,0,0,0.2,2016-09-18
434,0,0,0,0,0,0,0,0.0,2016-09-19
435,0,0,0,0,0,0,0,0.0,2016-09-20
436,0,1,0,0,0,1,0,0.2,2016-09-21
437,0,1,0,0,0,1,0,0.2,2016-09-22
438,0,1,0,1,0,1,0,0.4,2016-09-23
439,0,1,0,1,0,1,0,0.4,2016-09-24
440,0,0,0,0,0,1,0,0.0,2016-09-25
441,0,0,0,0,0,1,0,0.0,2016-09-26
442,0,0,0,0,0,0,0,0.0,2016-09-27
443,0,0,0,0,0,0,0,0.0,2016-09-28
444,0,0,0,0,0,0,0,0.0,2016-09-29
445,0,0,0,0,0,0,0,0.0,2016-09-30
446,0,0,0,0,0,1,0,0.0,2016-10-01
447,0,0,0,0,0,1,0,0.0,2016-10-02
448,0,0,0,0,0,0,0,0.0,2016-09-08
449,0,0,0,0,0,0,0,0.0,2016-09-09
450,0,1,0,0,0,0,0,0.2,2016-09-10
451,0,0,0,1,0,1,0,0.2,2016-09-11
452,0,0,0,1,0,0,0,0.2,2016-09-12
453,0,1,1,1,0,0,0,0.6,2016-09-13
454,0,1,1,1,0,1,0,0.6,2016-09-14
455,1,1,0,0,0,1,0,0.4,2016-09-15
456,1,0,0,1,0,1,0,0.4,2016-09-16
457,0,0,0,0,0,1,0,0.0,2016-09-17
458,0,1,0,0,0,0,0,0.2,2016-09-18
459,0,1,0,0,1,0,0,0.4,2016-09-19
460,0,1,0,0,0,0,0,0.2,2016-09-20
461,0,1,0,0,0,1,0,0.2,2016-09-21
462,0,1,0,0,0,1,0,0.2,2016-09-22
463,0,0,0,0,0,1,0,0.0,2016-09-23
464,0,0,0,0,0,1,0,0.0,2016-09-24
465,0,0,0,0,0,1,0,0.0,2016-09-25
466,0,0,0,0,0,1,0,0.0,2016-09-26
467,0,0,0,0,0,0,0,0.0,2016-09-27
468,0,0,0,0,0,0,0,0.0,2016-09-28
469,0,0,0,0,0,0,0,0.0,2016-09-29
470,0,0,0,0,0,0,0,0.0,2016-09-30
471,0,0,0,0,0,1,0,0.0,2016-10-01
472,0,0,0,0,0,1,0,0.0,2016-10-02
473,0,1,0,0,0,0,0,0.2,2016-10-03
474,0,0,0,0,0,0,0,0.0,2016-10-04
475,0,0,0,0,0,0,0,0.0,2016-10-05
476,0,0,0,0,0,0,0,0.0,2016-10-06
477,0,0,0,0,0,0,0,0.0,2016-10-07
478,0,0,0,0,0,0,0,0.0,2016-10-08
479,0,0,0,0,0,1,0,0.0,2016-10-09
480,1,1,1,1,0,1,0,0.8,2016-09-15
481,1,1,1,1,0,1,0,0.8,2016-09-16
482,1,1,1,1,0,1,0,0.8,2016-09-17
483,0,1,1,1,0,0,0,0.6,2016-09-18
484,1,0,1,1,0,0,0,0.6,2016-09-19
485,0,1,0,1,0,0,0,0.4,2016-09-20
486,0,1,1,1,0,1,0,0.6,2016-09-21
487,0,1,1,1,0,1,0,0.6,2016-09-22
488,1,1,1,0,0,1,0,0.6,2016-09-23
489,1,1,1,0,0,1,0,0.6,2016-09-24
490,1,1,1,0,0,1,0,0.6,2016-09-25
491,0,1,0,0,0,1,0,0.2,2016-09-26
492,0,1,0,0,0,0,0,0.2,2016-09-27
493,0,0,0,0,0,0,0,0.0,2016-09-28
494,0,0,0,0,0,0,0,0.0,2016-09-29
495,0,0,0,0,0,0,0,0.0,2016-09-30
496,0,0,0,0,0,1,0,0.0,2016-10-01
497,0,0,0,0,0,1,0,0.0,2016-10-02
498,0,0,1,0,0,0,0,0.2,2016-10-03
499,0,0,1,0,0,0,0,0.2,2016-10-04
500,0,0,0,0,0,0,0,0.0,2016-10-05
501,0,1,0,0,0,0,0,0.2,2016-10-06
502,0,0,0,0,0,0,0,0.0,2016-10-07
503,0,0,0,0,0,0,0,0.0,2016-10-08
504,0,1,0,0,0,1,0,0.2,2016-10-09
505,0,1,0,0,0,0,0,0.2,2016-10-10
506,0,0,0,0,0,0,0,0.0,2016-10-11
507,0,0,0,0,0,0,0,0.0,2016-10-12
508,0,0,0,0,0,0,0,0.0,2016-10-13
509,0,0,0,0,0,0,0,0.0,2016-10-14
510,0,0,0,0,0,0,0,0.0,2016-10-15
511,0,0,0,0,0,0,0,0.0,2016-10-16
512,1,1,1,1,0,1,0,0.8,2016-09-22
513,1,1,1,1,0,1,0,0.8,2016-09-23
514,1,1,1,1,0,1,0,0.8,2016-09-24
515,1,1,1,1,0,1,0,0.8,2016-09-25
516,0,1,1,0,0,1,0,0.4,2016-09-26
517,0,1,1,1,0,0,0,0.6,2016-09-27
518,0,1,1,0,0,0,0,0.4,2016-09-28
519,0,1,1,0,0,0,0,0.4,2016-09-29
520,0,0,0,0,0,0,0,0.0,2016-09-30
521,0,0,0,0,0,1,0,0.0,2016-10-01
522,0,0,0,0,0,1,0,0.0,2016-10-02
523,0,0,0,0,1,0,0,0.2,2016-10-03
524,0,0,0,0,1,0,0,0.2,2016-10-04
525,0,1,0,0,0,0,0,0.2,2016-10-05
526,0,0,0,0,0,0,0,0.0,2016-10-06
527,0,0,0,0,0,0,0,0.0,2016-10-07
528,0,0,0,0,0,0,0,0.0,2016-10-08
529,0,1,0,0,0,1,0,0.2,2016-10-09
530,0,1,0,0,0,0,0,0.2,2016-10-10
531,0,0,0,0,0,0,0,0.0,2016-10-11
532,0,0,0,0,0,0,0,0.0,2016-10-12
533,0,1,0,0,0,0,0,0.2,2016-10-13
534,0,1,0,0,0,0,0,0.2,2016-10-14
535,0,0,0,0,0,0,0,0.0,2016-10-15
536,0,1,0,0,0,0,0,0.2,2016-10-16
537,0,0,0,0,0,0,0,0.0,2016-10-17
538,0,0,0,0,0,0,0,0.0,2016-10-18
539,0,0,0,0,0,0,0,0.0,2016-10-19
540,0,0,0,0,0,0,0,0.0,2016-10-20
541,0,0,0,0,0,0,0,0.0,2016-10-21
542,0,0,0,0,0,0,0,0.0,2016-10-22
543,0,0,0,0,0,0,0,0.0,2016-10-23
544,0,0,0,0,0,0,0,0.0,2016-09-29
545,0,1,0,0,0,0,0,0.2,2016-09-30
546,0,1,0,0,0,1,0,0.2,2016-10-01
547,0,0,0,0,0,1,0,0.0,2016-10-02
548,0,0,0,1,0,0,0,0.2,2016-10-03
549,0,0,0,0,0,0,0,0.0,2016-10-04
550,0,0,0,0,0,0,0,0.0,2016-10-05
551,0,0,1,0,0,0,0,0.2,2016-10-06
552,1,0,1,0,0,0,0,0.4,2016-10-07
553,1,0,0,0,0,0,0,0.2,2016-10-08
554,0,0,0,0,0,1,0,0.0,2016-10-09
555,0,0,0,0,0,0,0,0.0,2016-10-10
556,0,0,0,0,0,0,0,0.0,2016-10-11
557,0,0,0,0,0,0,0,0.0,2016-10-12
558,0,0,0,0,0,0,0,0.0,2016-10-13
559,0,0,0,0,0,0,0,0.0,2016-10-14
560,0,0,0,0,1,0,0,0.2,2016-10-15
561,0,0,0,0,0,0,0,0.0,2016-10-16
562,0,0,0,0,0,0,0,0.0,2016-10-17
563,0,0,0,0,0,0,0,0.0,2016-10-18
564,0,0,0,0,0,0,0,0.0,2016-10-19
565,0,0,0,0,0,0,0,0.0,2016-10-20
566,0,0,0,0,0,0,0,0.0,2016-10-21
567,0,0,0,0,0,0,0,0.0,2016-10-22
568,0,0,0,0,0,0,0,0.0,2016-10-23
569,0,0,0,0,0,0,0,0.0,2016-10-24
570,0,0,0,0,0,0,0,0.0,2016-10-25
571,0,0,0,0,0,0,0,0.0,2016-10-26
572,0,0,0,0,0,0,0,0.0,2016-10-27
573,0,0,0,0,0,0,0,0.0,2016-10-28
574,0,0,0,0,0,0,0,0.0,2016-10-29
575,0,0,0,0,0,0,0,0.0,2016-10-30
576,0,0,0,0,0,0,0,0.0,2016-10-06
577,0,0,0,0,0,0,0,0.0,2016-10-07
578,0,0,0,1,0,0,0,0.2,2016-10-08
579,0,0,0,1,0,1,0,0.2,2016-10-09
580,0,0,0,0,0,0,0,0.0,2016-10-10
581,0,0,0,0,0,0,0,0.0,2016-10-11
582,0,0,0,0,0,0,0,0.0,2016-10-12
583,0,0,0,0,0,0,0,0.0,2016-10-13
584,0,0,0,0,0,0,0,0.0,2016-10-14
585,0,0,0,0,0,0,0,0.0,2016-10-15
586,0,0,0,0,0,0,0,0.0,2016-10-16
587,0,0,0,0,0,0,0,0.0,2016-10-17
588,0,0,0,0,0,0,0,0.0,2016-10-18
589,0,0,0,0,0,0,0,0.0,2016-10-19
590,0,0,0,0,0,0,0,0.0,2016-10-20
591,0,0,0,0,0,0,0,0.0,2016-10-21
592,0,0,0,0,0,0,0,0.0,2016-10-22
593,0,0,0,0,0,0,0,0.0,2016-10-23
594,0,0,0,0,0,0,0,0.0,2016-10-24
595,0,0,0,0,0,0,0,0.0,2016-10-25
596,0,0,0,0,0,0,0,0.0,2016-10-26
597,0,0,0,0,0,0,0,0.0,2016-10-27
598,0,0,0,0,0,0,0,0.0,2016-10-28
599,0,0,0,0,0,0,0,0.0,2016-10-29
600,0,0,0,0,0,0,0,0.0,2016-10-30
601,0,0,0,0,0,0,0,0.0,2016-10-31
602,0,0,0,0,0,0,0,0.0,2016-11-01
603,0,0,0,0,0,0,0,0.0,2016-11-02
604,0,0,0,0,0,0,0,0.0,2016-11-03
605,0,0,1,0,0,0,0,0.2,2016-11-04
606,0,0,0,0,0,0,0,0.0,2016-11-05
607,0,0,0,0,0,0,0,0.0,2016-11-06
608,0,0,0,0,0,0,0,0.0,2016-10-13
609,0,0,0,0,0,0,0,0.0,2016-10-14
610,0,0,0,0,0,0,0,0.0,2016-10-15
611,0,0,0,0,0,0,0,0.0,2016-10-16
612,0,0,0,0,0,0,0,0.0,2016-10-17
613,0,0,0,0,0,0,0,0.0,2016-10-18
614,0,0,0,0,0,0,0,0.0,2016-10-19
615,0,0,0,0,0,0,0,0.0,2016-10-20
616,0,0,0,0,0,0,0,0.0,2016-10-21
617,0,0,0,0,0,0,0,0.0,2016-10-22
618,0,0,0,0,0,0,0,0.0,2016-10-23
619,0,0,0,0,0,0,0,0.0,2016-10-24
620,0,0,0,0,0,0,0,0.0,2016-10-25
621,0,0,0,0,0,0,0,0.0,2016-10-26
622,0,0,0,0,0,0,0,0.0,2016-10-27
623,0,0,0,0,0,0,0,0.0,2016-10-28
624,0,0,0,0,0,0,0,0.0,2016-10-29
625,0,0,0,0,0,0,0,0.0,2016-10-30
626,0,0,0,0,0,0,0,0.0,2016-10-31
627,0,0,0,0,0,0,0,0.0,2016-11-01
628,0,0,0,0,0,0,0,0.0,2016-11-02
629,0,0,0,0,0,0,0,0.0,2016-11-03
630,0,0,0,0,0,0,0,0.0,2016-11-04
631,0,0,0,0,0,0,0,0.0,2016-11-05
632,0,0,0,0,0,0,0,0.0,2016-11-06
633,0,0,0,0,0,0,0,0.0,2016-11-07
634,0,0,0,0,0,0,0,0.0,2016-11-08
635,0,0,0,0,0,0,0,0.0,2016-11-09
636,0,0,0,0,0,0,0,0.0,2016-11-10
637,0,0,0,0,0,0,0,0.0,2016-11-11
638,0,0,0,0,0,0,0,0.0,2016-11-12
639,0,0,0,0,0,0,0,0.0,2016-11-13
640,0,0,0,0,0,0,0,0.0,2016-10-20
641,0,0,0,0,0,0,0,0.0,2016-10-21
642,0,0,0,0,0,0,0,0.0,2016-10-22
643,0,0,0,0,0,0,0,0.0,2016-10-23
644,0,0,0,0,0,0,0,0.0,2016-10-24
645,0,0,0,0,0,0,0,0.0,2016-10-25
646,0,0,0,0,0,0,0,0.0,2016-10-26
647,0,0,0,0,0,0,0,0.0,2016-10-27
648,0,0,0,0,0,0,0,0.0,2016-10-28
649,0,0,0,0,0,0,0,0.0,2016-10-29
650,0,0,0,0,0,0,0,0.0,2016-10-30
651,0,0,0,0,0,0,0,0.0,2016-10-31
652,0,0,0,0,0,0,0,0.0,2016-11-01
653,0,0,0,0,0,0,0,0.0,2016-11-02
654,0,1,0,0,0,0,0,0.2,2016-11-03
655,0,1,0,0,0,0,0,0.2,2016-11-04
656,0,0,0,0,0,0,0,0.0,2016-11-05
657,0,0,0,0,0,0,0,0.0,2016-11-06
658,0,0,0,0,0,0,0,0.0,2016-11-07
659,0,0,0,1,0,0,0,0.2,2016-11-08
660,0,0,0,1,0,0,0,0.2,2016-11-09
661,0,0,0,0,0,0,0,0.0,2016-11-10
662,0,0,1,0,1,0,0,0.4,2016-11-11
663,0,0,1,0,1,0,0,0.4,2016-11-12
664,0,0,0,0,0,0,0,0.0,2016-11-13
665,0,0,0,1,0,0,0,0.2,2016-11-14
666,0,0,0,0,0,0,0,0.0,2016-11-15
667,0,0,0,0,0,0,0,0.0,2016-11-16
668,0,0,0,0,0,0,0,0.0,2016-11-17
669,0,0,0,0,0,0,0,0.0,2016-11-18
670,0,0,0,0,0,0,0,0.0,2016-11-19
671,0,0,0,0,0,0,0,0.0,2016-11-20
672,0,0,0,0,0,0,0,0.0,2016-10-27
673,0,0,0,0,0,0,0,0.0,2016-10-28
674,0,0,0,0,0,0,0,0.0,2016-10-29
675,0,0,0,0,0,0,0,0.0,2016-10-30
676,0,0,0,0,0,0,0,0.0,2016-10-31
677,0,0,0,0,0,0,0,0.0,2016-11-01
678,0,0,0,0,0,0,0,0.0,2016-11-02
679,0,0,0,0,0,0,0,0.0,2016-11-03
680,0,0,0,0,0,0,0,0.0,2016-11-04
681,0,0,0,0,0,0,0,0.0,2016-11-05
682,0,0,0,0,0,0,0,0.0,2016-11-06
683,0,0,0,0,1,0,0,0.2,2016-11-07
684,0,0,0,0,1,0,0,0.2,2016-11-08
685,0,0,0,0,0,0,0,0.0,2016-11-09
686,0,0,0,0,0,0,0,0.0,2016-11-10
687,0,0,0,0,0,0,0,0.0,2016-11-11
688,0,0,0,0,0,0,0,0.0,2016-11-12
689,0,0,0,0,0,0,0,0.0,2016-11-13
690,0,0,0,0,0,0,0,0.0,2016-11-14
691,0,0,0,0,0,0,0,0.0,2016-11-15
692,0,0,0,0,0,0,0,0.0,2016-11-16
693,0,0,0,0,0,0,0,0.0,2016-11-17
694,0,0,0,0,0,0,0,0.0,2016-11-18
695,0,0,0,0,0,0,0,0.0,2016-11-19
696,0,0,0,0,0,0,0,0.0,2016-11-20
697,0,0,0,0,0,0,0,0.0,2016-11-21
698,0,0,0,0,0,0,0,0.0,2016-11-22
699,0,0,0,0,0,0,0,0.0,2016-11-23
700,0,0,0,0,0,0,0,0.0,2016-11-24
701,0,0,0,0,0,0,0,0.0,2016-11-25
702,0,0,0,0,0,0,0,0.0,2016-11-26
703,0,0,0,0,0,0,0,0.0,2016-11-27
704,0,0,0,0,0,0,0,0.0,2017-06-01
705,0,0,0,0,0,0,0,0.0,2017-06-02
706,0,0,0,0,0,0,0,0.0,2017-06-03
707,0,0,0,0,0,0,0,0.0,2017-06-04
708,0,0,0,0,0,0,0,0.0,2017-06-05
709,0,0,0,0,0,0,0,0.0,2017-06-06
710,0,1,0,0,0,0,0,0.2,2017-06-07
711,0,0,0,0,0,1,0,0.0,2017-06-08
712,0,0,0,0,0,0,0,0.0,2017-06-09
713,0,1,0,0,0,0,0,0.2,2017-06-10
714,0,1,0,0,0,0,0,0.2,2017-06-11
715,0,1,0,0,0,0,0,0.2,2017-06-12
716,0,1,0,0,0,1,0,0.2,2017-06-13
717,0,1,0,0,0,0,0,0.2,2017-06-14
718,0,1,0,0,0,0,0,0.2,2017-06-15
719,1,1,0,0,0,1,0,0.4,2017-06-16
720,1,1,0,0,1,0,0,0.6,2017-06-17
721,1,1,0,0,0,0,0,0.4,2017-06-18
722,1,1,0,0,0,0,0,0.4,2017-06-19
723,1,1,0,1,1,0,0,0.8,2017-06-20
724,1,0,0,0,0,0,0,0.2,2017-06-21
725,0,0,0,0,1,0,0,0.2,2017-06-22
726,0,0,0,1,0,0,0,0.2,2017-06-23
727,0,0,0,1,0,0,0,0.2,2017-06-24
728,0,0,0,1,0,1,0,0.2,2017-06-25
729,0,0,0,1,0,0,0,0.2,2017-06-26
730,0,0,0,0,0,1,0,0.0,2017-06-27
731,0,1,0,0,0,1,0,0.2,2017-06-28
732,0,0,0,0,0,0,0,0.0,2017-06-29
733,1,0,0,1,0,0,0,0.4,2017-06-30
734,1,0,0,0,0,0,0,0.2,2017-07-01
735,0,0,0,0,0,0,0,0.0,2017-07-02
736,0,0,0,0,0,1,0,0.0,2017-06-08
737,0,0,0,1,0,0,0,0.2,2017-06-09
738,0,1,1,1,0,0,0,0.6,2017-06-10
739,1,1,1,1,0,0,0,0.8,2017-06-11
740,0,1,0,1,0,0,0,0.4,2017-06-12
741,0,1,0,0,1,1,0,0.4,2017-06-13
742,0,1,0,0,0,0,0,0.2,2017-06-14
743,0,0,0,0,0,0,0,0.0,2017-06-15
744,0,0,0,1,0,1,0,0.2,2017-06-16
745,0,0,0,0,0,0,0,0.0,2017-06-17
746,0,1,0,0,0,0,0,0.2,2017-06-18
747,0,1,0,0,0,0,0,0.2,2017-06-19
748,0,1,0,0,0,0,0,0.2,2017-06-20
749,0,0,0,0,0,0,0,0.0,2017-06-21
750,0,0,0,0,0,0,0,0.0,2017-06-22
751,0,0,0,0,1,0,0,0.2,2017-06-23
752,0,0,0,0,0,0,0,0.0,2017-06-24
753,1,0,0,0,1,1,0,0.4,2017-06-25
754,1,0,0,0,1,0,0,0.4,2017-06-26
755,0,0,0,0,0,1,0,0.0,2017-06-27
756,0,1,0,0,0,1,0,0.2,2017-06-28
757,0,1,0,0,0,0,0,0.2,2017-06-29
758,0,1,1,0,1,0,0,0.6,2017-06-30
759,0,1,1,1,1,0,0,0.8,2017-07-01
760,0,0,1,1,1,0,0,0.6,2017-07-02
761,0,0,1,1,1,0,0,0.6,2017-07-03
762,0,0,0,1,1,0,0,0.4,2017-07-04
763,0,0,0,1,1,0,0,0.4,2017-07-05
764,0,0,1,0,1,0,0,0.4,2017-07-06
765,0,0,1,0,1,0,0,0.4,2017-07-07
766,0,0,1,0,0,0,0,0.2,2017-07-08
767,0,0,1,0,0,0,0,0.2,2017-07-09
768,0,1,0,0,0,0,0,0.2,2017-06-15
769,1,1,1,0,0,1,0,0.6,2017-06-16
770,1,0,1,0,0,0,0,0.4,2017-06-17
771,0,0,0,0,0,0,0,0.0,2017-06-18
772,0,0,0,0,0,0,0,0.0,2017-06-19
773,0,0,0,0,0,0,0,0.0,2017-06-20
774,0,0,0,0,0,0,0,0.0,2017-06-21
775,0,0,0,0,1,0,0,0.2,2017-06-22
776,0,0,0,0,0,0,0,0.0,2017-06-23
777,0,0,0,0,0,0,0,0.0,2017-06-24
778,0,0,0,0,0,1,0,0.0,2017-06-25
779,0,0,0,0,0,0,0,0.0,2017-06-26
780,0,0,0,1,0,1,0,0.2,2017-06-27
781,0,1,0,1,0,1,0,0.4,2017-06-28
782,0,1,0,1,0,0,0,0.4,2017-06-29
783,0,1,0,0,1,0,0,0.4,2017-06-30
784,1,1,0,0,1,0,0,0.6,2017-07-01
785,1,1,0,1,1,0,0,0.8,2017-07-02
786,0,1,0,0,1,0,0,0.4,2017-07-03
787,0,1,0,0,1,0,0,0.4,2017-07-04
788,0,1,0,0,1,0,0,0.4,2017-07-05
789,0,1,0,0,1,0,0,0.4,2017-07-06
790,1,1,0,1,1,0,0,0.8,2017-07-07
791,1,1,0,1,0,0,0,0.6,2017-07-08
792,1,1,0,1,1,0,0,0.8,2017-07-09
793,0,1,0,1,0,0,0,0.4,2017-07-10
794,0,1,0,1,0,0,0,0.4,2017-07-11
795,0,1,0,0,0,0,1,0.2,2017-07-12
796,0,1,0,0,0,0,0,0.2,2017-07-13
797,0,1,1,0,0,1,0,0.4,2017-07-14
798,0,1,1,0,0,1,1,0.4,2017-07-15
799,0,1,1,0,0,1,1,0.4,2017-07-16
800,0,0,0,0,0,0,0,0.0,2017-06-22
801,0,0,0,0,0,0,0,0.0,2017-06-23
802,0,0,0,0,0,0,0,0.0,2017-06-24
803,0,1,0,0,0,1,0,0.2,2017-06-25
804,1,1,1,1,0,0,0,0.8,2017-06-26
805,1,1,1,1,1,1,0,1.0,2017-06-27
806,0,0,0,1,0,1,0,0.2,2017-06-28
807,0,0,0,1,1,0,0,0.4,2017-06-29
808,0,0,0,1,0,0,0,0.2,2017-06-30
809,0,1,0,1,0,0,0,0.4,2017-07-01
810,0,0,0,1,0,0,0,0.2,2017-07-02
811,0,1,0,1,1,0,0,0.6,2017-07-03
812,1,0,0,1,1,0,0,0.6,2017-07-04
813,1,1,0,1,1,0,0,0.8,2017-07-05
814,0,1,0,0,0,0,0,0.2,2017-07-06
815,0,0,0,0,0,0,0,0.0,2017-07-07
816,0,1,0,0,0,0,0,0.2,2017-07-08
817,0,1,0,0,1,0,0,0.4,2017-07-09
818,0,1,0,0,1,0,0,0.4,2017-07-10
819,0,1,0,0,0,0,0,0.2,2017-07-11
820,0,1,0,0,0,0,1,0.2,2017-07-12
821,0,1,0,0,1,0,0,0.4,2017-07-13
822,0,1,0,0,1,1,0,0.4,2017-07-14
823,0,0,0,0,0,1,1,0.0,2017-07-15
824,0,0,0,1,0,1,1,0.2,2017-07-16
825,0,0,0,1,0,1,0,0.2,2017-07-17
826,1,0,0,1,0,1,1,0.4,2017-07-18
827,1,0,1,0,0,1,1,0.4,2017-07-19
828,1,1,0,0,0,1,1,0.4,2017-07-20
829,1,1,0,0,0,0,1,0.4,2017-07-21
830,0,1,0,0,0,0,1,0.2,2017-07-22
831,0,0,0,1,0,0,1,0.2,2017-07-23
832,0,1,0,0,0,0,0,0.2,2017-06-29
833,0,0,0,0,0,0,0,0.0,2017-06-30
834,0,1,0,1,0,0,0,0.4,2017-07-01
835,1,1,0,0,0,0,0,0.4,2017-07-02
836,1,0,0,0,0,0,0,0.2,2017-07-03
837,0,0,0,0,0,0,0,0.0,2017-07-04
838,0,0,0,1,0,0,0,0.2,2017-07-05
839,0,0,0,1,0,0,0,0.2,2017-07-06
840,0,0,0,1,0,0,0,0.2,2017-07-07
841,0,0,0,1,0,0,0,0.2,2017-07-08
842,0,0,0,1,0,0,0,0.2,2017-07-09
843,0,1,0,1,0,0,0,0.4,2017-07-10
844,0,1,0,1,0,0,0,0.4,2017-07-11
845,0,1,0,1,0,0,1,0.4,2017-07-12
846,0,1,0,0,0,0,0,0.2,2017-07-13
847,0,1,0,0,0,1,0,0.2,2017-07-14
848,0,1,0,0,0,1,1,0.2,2017-07-15
849,0,1,0,1,1,1,1,0.6,2017-07-16
850,0,1,0,1,0,1,0,0.4,2017-07-17
851,0,0,0,1,0,1,1,0.2,2017-07-18
852,0,0,0,1,0,1,1,0.2,2017-07-19
853,0,1,0,1,0,1,1,0.4,2017-07-20
854,0,1,0,1,0,0,1,0.4,2017-07-21
855,1,1,1,0,0,0,1,0.6,2017-07-22
856,0,1,1,0,0,0,1,0.4,2017-07-23
857,0,1,1,1,0,0,1,0.6,2017-07-24
858,0,1,1,1,0,0,0,0.6,2017-07-25
859,0,1,0,1,1,0,1,0.6,2017-07-26
860,0,0,0,1,0,0,1,0.2,2017-07-27
861,0,0,0,1,0,0,0,0.2,2017-07-28
862,0,0,0,1,0,0,1,0.2,2017-07-29
863,0,0,0,1,1,0,1,0.4,2017-07-30
864,0,0,0,0,0,0,0,0.0,2017-07-06
865,0,0,0,0,0,0,0,0.0,2017-07-07
866,0,0,0,0,0,0,0,0.0,2017-07-08
867,0,0,0,0,0,0,0,0.0,2017-07-09
868,0,0,0,1,0,0,0,0.2,2017-07-10
869,0,0,0,1,0,0,0,0.2,2017-07-11
870,0,0,0,1,0,0,1,0.2,2017-07-12
871,0,1,1,1,0,0,0,0.6,2017-07-13
872,0,1,1,1,1,1,0,0.8,2017-07-14
873,1,1,0,0,1,1,1,0.6,2017-07-15
874,1,0,0,1,1,1,1,0.6,2017-07-16
875,1,1,1,1,1,1,0,1.0,2017-07-17
876,1,1,1,1,1,1,1,1.0,2017-07-18
877,0,1,0,1,1,1,1,0.6,2017-07-19
878,0,1,0,1,1,1,1,0.6,2017-07-20
879,0,1,0,1,1,0,1,0.6,2017-07-21
880,0,1,1,1,1,0,1,0.8,2017-07-22
881,0,1,1,1,1,0,1,0.8,2017-07-23
882,0,1,0,1,1,0,1,0.6,2017-07-24
883,0,1,0,1,0,0,0,0.4,2017-07-25
884,0,0,0,0,0,0,1,0.0,2017-07-26
885,0,0,0,0,0,0,1,0.0,2017-07-27
886,0,1,0,0,0,0,0,0.2,2017-07-28
887,0,0,1,0,0,0,1,0.2,2017-07-29
888,0,0,1,0,0,0,1,0.2,2017-07-30
889,0,1,0,0,0,0,0,0.2,2017-07-31
890,0,1,0,0,0,0,0,0.2,2017-08-01
891,0,1,0,0,0,0,1,0.2,2017-08-02
892,0,1,0,0,0,0,1,0.2,2017-08-03
893,0,1,0,1,0,0,1,0.4,2017-08-04
894,0,1,1,1,0,0,1,0.6,2017-08-05
895,1,1,1,1,0,0,1,0.8,2017-08-06
896,1,1,1,1,0,0,0,0.8,2017-07-13
897,1,1,1,1,0,1,0,0.8,2017-07-14
898,0,1,1,1,0,1,1,0.6,2017-07-15
899,0,0,1,0,0,1,1,0.2,2017-07-16
900,0,1,1,1,1,1,0,0.8,2017-07-17
901,0,1,1,1,1,1,1,0.8,2017-07-18
902,1,1,1,1,1,1,1,1.0,2017-07-19
903,1,1,1,1,1,1,1,1.0,2017-07-20
904,1,1,1,0,0,0,1,0.6,2017-07-21
905,1,1,0,0,0,0,1,0.4,2017-07-22
906,1,0,0,0,0,0,1,0.2,2017-07-23
907,0,0,0,0,0,0,1,0.0,2017-07-24
908,0,1,0,0,0,0,0,0.2,2017-07-25
909,0,1,0,0,0,0,1,0.2,2017-07-26
910,0,1,0,0,0,0,1,0.2,2017-07-27
911,0,0,0,0,0,0,0,0.0,2017-07-28
912,1,0,0,0,0,0,1,0.2,2017-07-29
913,1,1,0,0,0,0,1,0.4,2017-07-30
914,0,0,0,1,0,0,0,0.2,2017-07-31
915,0,0,0,0,1,0,0,0.2,2017-08-01
916,0,0,0,0,1,0,1,0.2,2017-08-02
917,0,0,1,0,0,0,1,0.2,2017-08-03
918,0,0,1,0,0,0,1,0.2,2017-08-04
919,0,0,1,0,0,0,1,0.2,2017-08-05
920,0,0,0,0,0,0,1,0.0,2017-08-06
921,0,0,0,0,0,0,1,0.0,2017-08-07
922,0,0,0,0,0,0,1,0.0,2017-08-08
923,0,1,1,0,0,0,0,0.4,2017-08-09
924,0,1,1,0,1,0,1,0.6,2017-08-10
925,0,1,0,1,1,0,0,0.6,2017-08-11
926,0,0,0,1,0,0,0,0.2,2017-08-12
927,0,0,0,1,0,0,1,0.2,2017-08-13
928,0,1,1,1,1,1,1,0.8,2017-07-20
929,0,1,0,1,0,0,1,0.4,2017-07-21
930,0,1,0,0,1,0,1,0.4,2017-07-22
931,0,0,0,0,1,0,1,0.2,2017-07-23
932,0,0,0,0,0,0,1,0.0,2017-07-24
933,0,0,0,0,0,0,0,0.0,2017-07-25
934,0,0,0,0,0,0,1,0.0,2017-07-26
935,0,1,0,0,0,0,1,0.2,2017-07-27
936,0,1,0,1,0,0,0,0.4,2017-07-28
937,0,1,0,1,0,0,1,0.4,2017-07-29
938,0,1,0,0,0,0,1,0.2,2017-07-30
939,0,0,0,0,0,0,0,0.0,2017-07-31
940,0,0,0,0,0,0,0,0.0,2017-08-01
941,0,0,0,0,0,0,1,0.0,2017-08-02
942,0,0,0,0,0,0,1,0.0,2017-08-03
943,0,0,0,0,0,0,1,0.0,2017-08-04
944,0,1,0,0,0,0,1,0.2,2017-08-05
945,0,1,0,0,0,0,1,0.2,2017-08-06
946,0,1,0,0,0,0,1,0.2,2017-08-07
947,0,1,0,0,1,0,1,0.4,2017-08-08
948,0,0,0,1,0,0,0,0.2,2017-08-09
949,0,0,0,1,0,0,1,0.2,2017-08-10
950,0,0,0,1,0,0,0,0.2,2017-08-11
951,0,0,0,1,0,0,0,0.2,2017-08-12
952,0,0,0,0,1,0,1,0.2,2017-08-13
953,0,0,0,0,1,0,0,0.2,2017-08-14
954,0,0,0,0,1,0,0,0.2,2017-08-15
955,0,0,0,0,1,0,1,0.2,2017-08-16
956,0,0,0,1,1,0,0,0.4,2017-08-17
957,0,1,0,1,0,0,0,0.4,2017-08-18
958,0,1,0,1,1,1,0,0.6,2017-08-19
959,1,1,0,0,0,1,1,0.4,2017-08-20
960,0,1,1,1,0,0,1,0.6,2017-07-27
961,0,0,0,1,0,0,0,0.2,2017-07-28
962,0,0,0,0,0,0,1,0.0,2017-07-29
963,0,0,0,0,0,0,1,0.0,2017-07-30
964,0,0,0,0,0,0,0,0.0,2017-07-31
965,0,0,0,0,0,0,0,0.0,2017-08-01
966,0,0,0,0,0,0,1,0.0,2017-08-02
967,0,0,0,0,0,0,1,0.0,2017-08-03
968,0,0,0,0,0,0,1,0.0,2017-08-04
969,0,0,0,0,0,0,1,0.0,2017-08-05
970,0,0,0,0,0,0,1,0.0,2017-08-06
971,0,0,0,0,1,0,1,0.2,2017-08-07
972,0,0,0,0,0,0,1,0.0,2017-08-08
973,0,0,0,0,0,0,0,0.0,2017-08-09
974,0,0,0,0,0,0,1,0.0,2017-08-10
975,0,0,0,0,0,0,0,0.0,2017-08-11
976,0,0,0,0,0,0,0,0.0,2017-08-12
977,0,0,0,0,0,0,1,0.0,2017-08-13
978,0,0,0,0,0,0,0,0.0,2017-08-14
979,0,0,0,0,0,0,0,0.0,2017-08-15
980,0,0,0,0,0,0,1,0.0,2017-08-16
981,0,0,0,0,0,0,0,0.0,2017-08-17
982,0,0,0,0,1,0,0,0.2,2017-08-18
983,0,0,0,0,1,1,0,0.2,2017-08-19
984,0,0,0,0,0,1,1,0.0,2017-08-20
985,0,0,0,0,0,1,1,0.0,2017-08-21
986,0,1,0,0,1,0,0,0.4,2017-08-22
987,0,1,0,0,1,0,0,0.4,2017-08-23
988,0,1,0,0,0,0,0,0.2,2017-08-24
989,0,1,0,0,0,1,0,0.2,2017-08-25
990,0,0,0,1,0,1,0,0.2,2017-08-26
991,0,0,0,0,0,0,0,0.0,2017-08-27
992,0,0,0,0,0,0,1,0.0,2017-08-03
993,0,0,0,0,0,0,1,0.0,2017-08-04
994,0,0,0,0,0,0,1,0.0,2017-08-05
995,1,0,0,1,0,0,1,0.4,2017-08-06
996,0,0,0,1,0,0,1,0.2,2017-08-07
997,0,0,0,0,0,0,1,0.0,2017-08-08
998,0,0,0,0,0,0,0,0.0,2017-08-09
999,0,0,0,0,0,0,1,0.0,2017-08-10
1000,0,0,0,0,0,0,0,0.0,2017-08-11
1001,0,0,0,1,0,0,0,0.2,2017-08-12
1002,0,0,0,0,0,0,1,0.0,2017-08-13
1003,0,0,0,0,0,0,0,0.0,2017-08-14
1004,0,0,0,0,0,0,0,0.0,2017-08-15
1005,1,0,0,0,1,0,1,0.4,2017-08-16
1006,1,0,0,0,1,0,0,0.4,2017-08-17
1007,1,0,0,1,1,0,0,0.6,2017-08-18
1008,0,0,1,1,0,1,0,0.4,2017-08-19
1009,0,1,1,0,0,1,1,0.4,2017-08-20
1010,0,0,0,0,0,1,1,0.0,2017-08-21
1011,0,0,1,0,0,0,0,0.2,2017-08-22
1012,0,0,1,0,0,0,0,0.2,2017-08-23
1013,0,0,0,0,0,0,0,0.0,2017-08-24
1014,0,0,1,0,0,1,0,0.2,2017-08-25
1015,0,1,0,0,0,1,0,0.2,2017-08-26
1016,1,1,1,0,0,0,0,0.6,2017-08-27
1017,1,0,1,0,0,1,0,0.4,2017-08-28
1018,1,1,1,0,0,1,0,0.6,2017-08-29
1019,1,1,1,0,0,1,0,0.6,2017-08-30
1020,0,1,1,0,0,0,0,0.4,2017-08-31
1021,0,1,1,0,0,0,0,0.4,2017-09-01
1022,0,1,1,1,0,0,0,0.6,2017-09-02
1023,0,1,1,0,0,0,0,0.4,2017-09-03
1024,0,0,0,0,0,0,1,0.0,2017-08-10
1025,0,0,0,0,0,0,0,0.0,2017-08-11
1026,0,0,0,0,0,0,0,0.0,2017-08-12
1027,0,0,0,0,0,0,1,0.0,2017-08-13
1028,0,0,0,0,0,0,0,0.0,2017-08-14
1029,0,0,0,0,0,0,0,0.0,2017-08-15
1030,0,0,0,0,0,0,1,0.0,2017-08-16
1031,0,0,0,1,0,0,0,0.2,2017-08-17
1032,0,0,0,1,0,0,0,0.2,2017-08-18
1033,0,0,0,1,0,1,0,0.2,2017-08-19
1034,0,0,0,0,0,1,1,0.0,2017-08-20
1035,0,1,1,0,0,1,1,0.4,2017-08-21
1036,1,1,1,0,0,0,0,0.6,2017-08-22
1037,1,0,1,0,0,0,0,0.4,2017-08-23
1038,0,0,0,1,0,0,0,0.2,2017-08-24
1039,0,1,0,0,0,1,0,0.2,2017-08-25
1040,0,1,0,0,0,1,0,0.2,2017-08-26
1041,0,0,0,0,0,0,0,0.0,2017-08-27
1042,0,0,0,0,0,1,0,0.0,2017-08-28
1043,0,0,1,0,0,1,0,0.2,2017-08-29
1044,0,1,1,0,0,1,0,0.4,2017-08-30
1045,0,1,0,0,0,0,0,0.2,2017-08-31
1046,0,1,0,0,0,0,0,0.2,2017-09-01
1047,0,1,0,0,0,0,0,0.2,2017-09-02
1048,1,1,0,0,0,0,0,0.4,2017-09-03
1049,0,0,0,0,0,0,0,0.0,2017-09-04
1050,0,0,0,0,1,0,0,0.2,2017-09-05
1051,1,0,0,0,1,0,0,0.4,2017-09-06
1052,1,0,0,0,1,0,0,0.4,2017-09-07
1053,1,0,0,1,0,0,0,0.4,2017-09-08
1054,1,0,1,1,1,0,0,0.8,2017-09-09
1055,0,0,1,1,0,0,0,0.4,2017-09-10
1056,1,0,0,0,0,0,0,0.2,2017-08-17
1057,1,1,1,1,0,0,0,0.8,2017-08-18
1058,1,1,1,1,0,1,0,0.8,2017-08-19
1059,0,1,1,1,0,1,1,0.6,2017-08-20
1060,0,0,0,0,0,1,1,0.0,2017-08-21
1061,0,0,0,0,0,0,0,0.0,2017-08-22
1062,0,1,0,1,0,0,0,0.4,2017-08-23
1063,0,1,1,1,1,0,0,0.8,2017-08-24
1064,0,0,1,0,0,1,0,0.2,2017-08-25
1065,1,0,1,0,0,1,0,0.4,2017-08-26
1066,1,0,1,0,0,0,0,0.4,2017-08-27
1067,1,0,1,0,0,1,0,0.4,2017-08-28
1068,0,1,1,0,0,1,0,0.4,2017-08-29
1069,0,1,1,0,0,1,0,0.4,2017-08-30
1070,0,1,1,0,1,0,0,0.6,2017-08-31
1071,1,0,0,0,1,0,0,0.4,2017-09-01
1072,1,1,0,0,0,0,0,0.4,2017-09-02
1073,0,1,0,0,0,0,0,0.2,2017-09-03
1074,0,1,0,0,0,0,0,0.2,2017-09-04
1075,0,1,0,0,0,0,0,0.2,2017-09-05
1076,0,1,0,0,0,0,0,0.2,2017-09-06
1077,0,0,0,0,0,0,0,0.0,2017-09-07
1078,0,0,0,0,0,0,0,0.0,2017-09-08
1079,0,0,0,0,0,0,0,0.0,2017-09-09
1080,0,0,0,1,0,0,0,0.2,2017-09-10
1081,0,0,0,1,0,0,0,0.2,2017-09-11
1082,0,1,0,1,0,0,0,0.4,2017-09-12
1083,0,0,0,1,0,1,0,0.2,2017-09-13
1084,0,1,0,0,0,1,0,0.2,2017-09-14
1085,0,0,0,1,0,0,0,0.2,2017-09-15
1086,0,0,0,1,0,0,0,0.2,2017-09-16
1087,0,0,0,0,0,0,0,0.0,2017-09-17
1088,0,0,0,0,0,0,0,0.0,2017-08-24
1089,0,1,0,0,0,1,0,0.2,2017-08-25
1090,1,1,1,1,0,1,0,0.8,2017-08-26
1091,1,1,1,1,0,0,0,0.8,2017-08-27
1092,1,1,1,1,0,1,0,0.8,2017-08-28
1093,0,1,0,1,0,1,0,0.4,2017-08-29
1094,0,1,0,0,0,1,0,0.2,2017-08-30
1095,0,1,0,0,1,0,0,0.4,2017-08-31
1096,0,0,0,1,1,0,0,0.4,2017-09-01
1097,0,0,0,0,0,0,0,0.0,2017-09-02
1098,0,0,0,0,0,0,0,0.0,2017-09-03
1099,0,0,0,0,0,0,0,0.0,2017-09-04
1100,0,0,0,0,0,0,0,0.0,2017-09-05
1101,0,0,0,0,0,0,0,0.0,2017-09-06
1102,0,0,0,0,0,0,0,0.0,2017-09-07
1103,0,0,0,0,0,0,0,0.0,2017-09-08
1104,0,0,0,0,0,0,0,0.0,2017-09-09
1105,0,0,0,0,0,0,0,0.0,2017-09-10
1106,0,0,0,0,0,0,0,0.0,2017-09-11
1107,0,0,0,0,0,0,0,0.0,2017-09-12
1108,0,0,0,0,1,1,0,0.2,2017-09-13
1109,0,0,0,0,0,1,0,0.0,2017-09-14
1110,0,0,0,0,1,0,0,0.2,2017-09-15
1111,0,0,0,0,1,0,0,0.2,2017-09-16
1112,0,0,0,0,0,0,0,0.0,2017-09-17
1113,0,0,0,0,1,1,0,0.2,2017-09-18
1114,0,0,0,0,0,0,0,0.0,2017-09-19
1115,0,0,1,0,0,1,0,0.2,2017-09-20
1116,0,0,1,0,0,1,0,0.2,2017-09-21
1117,0,0,1,0,0,0,0,0.2,2017-09-22
1118,0,0,0,1,0,0,0,0.2,2017-09-23
1119,0,1,0,0,0,0,0,0.2,2017-09-24
1120,0,0,0,0,0,0,0,0.0,2017-08-31
1121,0,0,0,0,0,0,0,0.0,2017-09-01
1122,0,0,0,0,0,0,0,0.0,2017-09-02
1123,0,0,0,0,0,0,0,0.0,2017-09-03
1124,0,0,0,0,0,0,0,0.0,2017-09-04
1125,0,0,0,0,0,0,0,0.0,2017-09-05
1126,0,0,0,0,0,0,0,0.0,2017-09-06
1127,0,0,0,0,0,0,0,0.0,2017-09-07
1128,0,0,0,0,0,0,0,0.0,2017-09-08
1129,0,0,0,0,0,0,0,0.0,2017-09-09
1130,0,0,0,0,0,0,0,0.0,2017-09-10
1131,0,0,0,0,0,0,0,0.0,2017-09-11
1132,0,0,0,0,0,0,0,0.0,2017-09-12
1133,1,0,0,0,0,1,0,0.2,2017-09-13
1134,1,0,0,0,0,1,0,0.2,2017-09-14
1135,0,0,0,0,0,0,0,0.0,2017-09-15
1136,0,0,0,0,0,0,0,0.0,2017-09-16
1137,0,1,0,0,0,0,0,0.2,2017-09-17
1138,0,1,1,0,0,1,0,0.4,2017-09-18
1139,0,1,1,1,0,0,0,0.6,2017-09-19
1140,0,0,1,1,0,1,0,0.4,2017-09-20
1141,0,1,0,1,0,1,0,0.4,2017-09-21
1142,0,0,0,0,0,0,0,0.0,2017-09-22
1143,0,0,0,0,0,0,0,0.0,2017-09-23
1144,0,1,0,0,0,0,0,0.2,2017-09-24
1145,0,0,0,0,0,0,0,0.0,2017-09-25
1146,0,0,0,0,0,0,0,0.0,2017-09-26
1147,0,0,0,0,0,0,0,0.0,2017-09-27
1148,0,0,0,0,0,0,0,0.0,2017-09-28
1149,0,0,0,0,0,0,0,0.0,2017-09-29
1150,0,0,0,0,0,0,0,0.0,2017-09-30
1151,0,0,0,0,0,0,0,0.0,2017-10-01
1152,0,0,0,1,0,0,0,0.2,2017-09-07
1153,0,0,0,0,0,0,0,0.0,2017-09-08
1154,0,0,0,0,0,0,0,0.0,2017-09-09
1155,0,0,0,0,0,0,0,0.0,2017-09-10
1156,0,0,0,0,0,0,0,0.0,2017-09-11
1157,0,0,0,0,0,0,0,0.0,2017-09-12
1158,0,0,1,0,0,1,0,0.2,2017-09-13
1159,0,0,1,0,0,1,0,0.2,2017-09-14
1160,0,1,0,1,0,0,0,0.4,2017-09-15
1161,0,1,0,1,0,0,0,0.4,2017-09-16
1162,0,1,0,0,0,0,0,0.2,2017-09-17
1163,1,1,0,0,0,1,0,0.4,2017-09-18
1164,1,1,0,0,0,0,0,0.4,2017-09-19
1165,1,0,0,0,0,1,0,0.2,2017-09-20
1166,1,0,0,0,0,1,0,0.2,2017-09-21
1167,0,0,0,0,0,0,0,0.0,2017-09-22
1168,0,0,0,0,0,0,0,0.0,2017-09-23
1169,0,0,0,0,0,0,0,0.0,2017-09-24
1170,0,0,0,0,0,0,0,0.0,2017-09-25
1171,0,1,0,0,0,0,0,0.2,2017-09-26
1172,0,0,0,0,0,0,0,0.0,2017-09-27
1173,0,0,0,0,0,0,0,0.0,2017-09-28
1174,0,0,0,0,0,0,0,0.0,2017-09-29
1175,0,0,0,0,0,0,0,0.0,2017-09-30
1176,0,0,0,0,0,0,0,0.0,2017-10-01
1177,0,0,0,0,0,0,0,0.0,2017-10-02
1178,0,0,0,0,0,0,0,0.0,2017-10-03
1179,0,0,0,0,0,0,0,0.0,2017-10-04
1180,0,0,0,0,0,0,0,0.0,2017-10-05
1181,0,0,0,0,0,0,0,0.0,2017-10-06
1182,0,0,0,0,0,0,0,0.0,2017-10-07
1183,0,0,0,0,0,0,0,0.0,2017-10-08
1184,0,0,0,1,0,1,0,0.2,2017-09-14
1185,0,1,1,0,0,0,0,0.4,2017-09-15
1186,0,0,1,0,0,0,0,0.2,2017-09-16
1187,0,1,1,1,0,0,0,0.6,2017-09-17
1188,1,1,1,0,0,1,0,0.6,2017-09-18
1189,1,1,0,0,0,0,0,0.4,2017-09-19
1190,1,1,0,0,0,1,0,0.4,2017-09-20
1191,1,1,0,0,0,1,0,0.4,2017-09-21
1192,1,1,0,0,0,0,0,0.4,2017-09-22
1193,1,0,0,0,0,0,0,0.2,2017-09-23
1194,0,0,0,0,0,0,0,0.0,2017-09-24
1195,0,0,0,0,1,0,0,0.2,2017-09-25
1196,0,0,0,0,1,0,0,0.2,2017-09-26
1197,0,1,0,0,0,0,0,0.2,2017-09-27
1198,0,1,0,0,0,0,0,0.2,2017-09-28
1199,0,0,0,0,0,0,0,0.0,2017-09-29
1200,0,1,0,0,0,0,0,0.2,2017-09-30
1201,0,1,0,0,0,0,0,0.2,2017-10-01
1202,0,1,0,0,0,0,0,0.2,2017-10-02
1203,0,1,0,0,0,0,0,0.2,2017-10-03
1204,0,1,0,0,0,0,0,0.2,2017-10-04
1205,0,0,0,0,0,0,0,0.0,2017-10-05
1206,1,0,0,0,0,0,0,0.2,2017-10-06
1207,1,0,0,0,0,0,0,0.2,2017-10-07
1208,1,0,0,0,0,0,0,0.2,2017-10-08
1209,0,0,0,0,0,0,0,0.0,2017-10-09
1210,0,0,0,0,0,1,0,0.0,2017-10-10
1211,0,0,0,0,0,1,0,0.0,2017-10-11
1212,0,0,0,0,0,0,0,0.0,2017-10-12
1213,0,0,0,0,0,0,0,0.0,2017-10-13
1214,0,0,0,0,0,0,0,0.0,2017-10-14
1215,0,0,0,0,0,0,0,0.0,2017-10-15
1216,0,0,0,0,0,1,0,0.0,2017-09-21
1217,0,0,0,0,0,0,0,0.0,2017-09-22
1218,0,0,0,0,0,0,0,0.0,2017-09-23
1219,0,0,0,0,0,0,0,0.0,2017-09-24
1220,0,0,0,1,0,0,0,0.2,2017-09-25
1221,0,0,0,0,0,0,0,0.0,2017-09-26
1222,0,0,0,0,0,0,0,0.0,2017-09-27
1223,0,0,0,0,0,0,0,0.0,2017-09-28
1224,0,0,0,0,0,0,0,0.0,2017-09-29
1225,0,1,0,0,0,0,0,0.2,2017-09-30
1226,0,1,0,0,0,0,0,0.2,2017-10-01
1227,0,0,0,0,0,0,0,0.0,2017-10-02
1228,0,0,0,0,0,0,0,0.0,2017-10-03
1229,0,0,0,0,0,0,0,0.0,2017-10-04
1230,0,0,0,0,0,0,0,0.0,2017-10-05
1231,0,0,0,0,0,0,0,0.0,2017-10-06
1232,0,0,0,0,0,0,0,0.0,2017-10-07
1233,0,0,0,0,0,0,0,0.0,2017-10-08
1234,0,0,0,0,0,0,0,0.0,2017-10-09
1235,0,0,0,0,0,1,0,0.0,2017-10-10
1236,0,0,0,0,0,1,0,0.0,2017-10-11
1237,0,0,0,0,0,0,0,0.0,2017-10-12
1238,0,0,0,0,0,0,0,0.0,2017-10-13
1239,0,0,0,0,0,0,0,0.0,2017-10-14
1240,0,0,0,0,0,0,0,0.0,2017-10-15
1241,0,0,0,0,0,0,0,0.0,2017-10-16
1242,0,1,0,0,0,0,0,0.2,2017-10-17
1243,0,0,1,0,0,0,0,0.2,2017-10-18
1244,0,0,0,0,0,0,0,0.0,2017-10-19
1245,0,0,0,0,0,0,0,0.0,2017-10-20
1246,0,0,0,0,1,0,0,0.2,2017-10-21
1247,0,0,0,0,0,0,0,0.0,2017-10-22
1248,0,0,0,1,0,0,0,0.2,2017-09-28
1249,0,0,0,0,0,0,0,0.0,2017-09-29
1250,0,0,0,0,0,0,0,0.0,2017-09-30
1251,0,0,0,0,0,0,0,0.0,2017-10-01
1252,0,1,0,0,0,0,0,0.2,2017-10-02
1253,0,0,0,0,0,0,0,0.0,2017-10-03
1254,0,0,0,0,0,0,0,0.0,2017-10-04
1255,0,0,0,0,0,0,0,0.0,2017-10-05
1256,0,0,0,0,0,0,0,0.0,2017-10-06
1257,0,0,0,0,0,0,0,0.0,2017-10-07
1258,0,0,0,0,0,0,0,0.0,2017-10-08
1259,0,0,0,0,0,0,0,0.0,2017-10-09
1260,0,0,0,0,0,1,0,0.0,2017-10-10
1261,0,0,0,0,0,1,0,0.0,2017-10-11
1262,0,1,0,0,0,0,0,0.2,2017-10-12
1263,0,0,0,0,0,0,0,0.0,2017-10-13
1264,0,0,0,0,0,0,0,0.0,2017-10-14
1265,0,0,0,0,0,0,0,0.0,2017-10-15
1266,0,0,0,0,0,0,0,0.0,2017-10-16
1267,0,0,0,0,0,0,0,0.0,2017-10-17
1268,0,0,1,0,0,0,0,0.2,2017-10-18
1269,0,0,1,0,0,0,0,0.2,2017-10-19
1270,0,0,0,0,0,0,0,0.0,2017-10-20
1271,0,0,0,0,0,0,0,0.0,2017-10-21
1272,0,0,0,0,0,0,0,0.0,2017-10-22
1273,0,0,0,0,0,0,0,0.0,2017-10-23
1274,0,0,0,0,0,0,0,0.0,2017-10-24
1275,0,0,0,0,0,0,0,0.0,2017-10-25
1276,0,0,0,0,0,0,0,0.0,2017-10-26
1277,0,0,0,0,0,0,0,0.0,2017-10-27
1278,0,0,0,0,0,0,0,0.0,2017-10-28
1279,0,0,0,0,0,0,0,0.0,2017-10-29
1280,0,0,0,0,0,0,0,0.0,2017-10-05
1281,0,0,0,0,0,0,0,0.0,2017-10-06
1282,1,0,0,0,0,0,0,0.2,2017-10-07
1283,1,1,0,0,0,0,0,0.4,2017-10-08
1284,1,1,0,0,0,0,0,0.4,2017-10-09
1285,1,0,0,0,0,1,0,0.2,2017-10-10
1286,0,0,0,1,0,1,0,0.2,2017-10-11
1287,0,0,0,1,0,0,0,0.2,2017-10-12
1288,0,0,0,1,0,0,0,0.2,2017-10-13
1289,0,0,0,0,0,0,0,0.0,2017-10-14
1290,0,0,0,0,0,0,0,0.0,2017-10-15
1291,0,0,0,0,0,0,0,0.0,2017-10-16
1292,0,0,0,0,0,0,0,0.0,2017-10-17
1293,0,0,0,0,0,0,0,0.0,2017-10-18
1294,0,0,0,0,0,0,0,0.0,2017-10-19
1295,0,0,0,0,0,0,0,0.0,2017-10-20
1296,0,0,0,0,0,0,0,0.0,2017-10-21
1297,0,0,0,0,0,0,0,0.0,2017-10-22
1298,0,0,0,0,0,0,0,0.0,2017-10-23
1299,0,0,0,0,0,0,0,0.0,2017-10-24
1300,0,0,0,0,0,0,0,0.0,2017-10-25
1301,0,0,0,0,0,0,0,0.0,2017-10-26
1302,0,1,0,0,0,0,0,0.2,2017-10-27
1303,0,0,0,0,0,0,0,0.0,2017-10-28
1304,0,0,0,0,0,0,0,0.0,2017-10-29
1305,0,0,0,0,0,0,0,0.0,2017-10-30
1306,0,0,0,0,0,0,0,0.0,2017-10-31
1307,0,0,0,1,0,0,0,0.2,2017-11-01
1308,0,0,0,1,0,0,0,0.2,2017-11-02
1309,0,0,0,0,0,0,0,0.0,2017-11-03
1310,0,0,0,1,0,0,0,0.2,2017-11-04
1311,0,0,0,1,0,0,0,0.2,2017-11-05
1312,0,0,0,0,0,0,0,0.0,2017-10-12
1313,0,0,0,0,0,0,0,0.0,2017-10-13
1314,0,0,0,0,0,0,0,0.0,2017-10-14
1315,0,0,0,0,0,0,0,0.0,2017-10-15
1316,0,0,0,0,0,0,0,0.0,2017-10-16
1317,0,0,0,0,0,0,0,0.0,2017-10-17
1318,0,0,1,0,0,0,0,0.2,2017-10-18
1319,0,0,0,0,0,0,0,0.0,2017-10-19
1320,0,0,0,1,0,0,0,0.2,2017-10-20
1321,0,0,0,1,0,0,0,0.2,2017-10-21
1322,0,0,0,0,0,0,0,0.0,2017-10-22
1323,0,0,0,0,0,0,0,0.0,2017-10-23
1324,0,0,0,0,0,0,0,0.0,2017-10-24
1325,0,0,0,1,0,0,0,0.2,2017-10-25
1326,0,0,0,0,0,0,0,0.0,2017-10-26
1327,0,0,0,0,0,0,0,0.0,2017-10-27
1328,0,0,0,0,0,0,0,0.0,2017-10-28
1329,0,0,0,0,0,0,0,0.0,2017-10-29
1330,0,0,0,0,0,0,0,0.0,2017-10-30
1331,0,0,0,0,0,0,0,0.0,2017-10-31
1332,0,0,0,0,0,0,0,0.0,2017-11-01
1333,0,0,0,0,0,0,0,0.0,2017-11-02
1334,0,0,0,0,0,0,0,0.0,2017-11-03
1335,0,0,0,0,0,0,0,0.0,2017-11-04
1336,0,0,0,0,0,0,0,0.0,2017-11-05
1337,0,0,0,0,0,0,0,0.0,2017-11-06
1338,0,0,0,0,0,0,0,0.0,2017-11-07
1339,0,0,0,0,0,0,0,0.0,2017-11-08
1340,0,0,0,0,0,0,0,0.0,2017-11-09
1341,0,0,0,0,0,0,0,0.0,2017-11-10
1342,0,0,0,0,0,0,0,0.0,2017-11-11
1343,0,0,0,0,0,0,0,0.0,2017-11-12
1344,0,0,0,0,0,0,0,0.0,2017-10-19
1345,0,0,0,0,0,0,0,0.0,2017-10-20
1346,0,0,0,0,0,0,0,0.0,2017-10-21
1347,0,0,0,0,0,0,0,0.0,2017-10-22
1348,0,0,0,0,0,0,0,0.0,2017-10-23
1349,0,0,0,0,0,0,0,0.0,2017-10-24
1350,0,0,0,0,0,0,0,0.0,2017-10-25
1351,0,0,0,0,0,0,0,0.0,2017-10-26
1352,0,0,0,0,1,0,0,0.2,2017-10-27
1353,0,0,0,0,0,0,0,0.0,2017-10-28
1354,0,0,0,0,0,0,0,0.0,2017-10-29
1355,0,0,0,0,0,0,0,0.0,2017-10-30
1356,0,0,0,0,0,0,0,0.0,2017-10-31
1357,0,0,0,0,0,0,0,0.0,2017-11-01
1358,0,0,0,0,0,0,0,0.0,2017-11-02
1359,0,0,0,0,0,0,0,0.0,2017-11-03
1360,0,0,0,0,0,0,0,0.0,2017-11-04
1361,0,0,0,0,0,0,0,0.0,2017-11-05
1362,0,0,0,0,0,0,0,0.0,2017-11-06
1363,0,0,0,0,0,0,0,0.0,2017-11-07
1364,0,0,0,0,0,0,0,0.0,2017-11-08
1365,0,0,0,0,0,0,0,0.0,2017-11-09
1366,0,0,0,0,0,0,0,0.0,2017-11-10
1367,0,0,0,0,0,0,0,0.0,2017-11-11
1368,0,0,0,0,0,0,0,0.0,2017-11-12
1369,0,0,0,0,0,0,0,0.0,2017-11-13
1370,0,0,0,0,0,0,0,0.0,2017-11-14
1371,0,0,0,0,0,0,0,0.0,2017-11-15
1372,0,0,0,0,0,0,0,0.0,2017-11-16
1373,0,0,0,0,0,0,0,0.0,2017-11-17
1374,0,0,0,0,0,0,0,0.0,2017-11-18
1375,0,0,0,0,0,0,0,0.0,2017-11-19
1376,0,0,0,0,0,0,0,0.0,2017-10-26
1377,0,0,0,0,0,0,0,0.0,2017-10-27
1378,0,0,0,0,0,0,0,0.0,2017-10-28
1379,0,0,0,0,0,0,0,0.0,2017-10-29
1380,0,0,0,0,0,0,0,0.0,2017-10-30
1381,0,0,0,0,0,0,0,0.0,2017-10-31
1382,0,0,0,0,0,0,0,0.0,2017-11-01
1383,0,0,0,0,0,0,0,0.0,2017-11-02
1384,0,0,0,0,0,0,0,0.0,2017-11-03
1385,0,0,0,0,0,0,0,0.0,2017-11-04
1386,0,0,0,0,0,0,0,0.0,2017-11-05
1387,0,0,0,0,0,0,0,0.0,2017-11-06
1388,0,0,0,0,1,0,0,0.2,2017-11-07
1389,0,0,0,0,0,0,0,0.0,2017-11-08
1390,0,0,0,0,0,0,0,0.0,2017-11-09
1391,0,0,0,0,0,0,0,0.0,2017-11-10
1392,0,0,0,0,0,0,0,0.0,2017-11-11
1393,0,0,0,0,0,0,0,0.0,2017-11-12
1394,0,0,0,0,0,0,0,0.0,2017-11-13
1395,0,0,0,0,0,0,0,0.0,2017-11-14
1396,0,0,0,0,0,0,0,0.0,2017-11-15
1397,0,0,0,0,0,0,0,0.0,2017-11-16
1398,1,0,0,0,0,0,0,0.2,2017-11-17
1399,0,0,0,0,0,0,0,0.0,2017-11-18
1400,0,0,0,0,0,0,0,0.0,2017-11-19
1401,0,0,0,0,0,0,0,0.0,2017-11-20
1402,0,0,0,0,0,0,0,0.0,2017-11-21
1403,0,0,0,0,0,0,0,0.0,2017-11-22
1404,0,0,0,0,0,0,0,0.0,2017-11-23
1405,0,0,0,0,0,0,0,0.0,2017-11-24
1406,0,0,0,0,0,0,0,0.0,2017-11-25
1407,0,0,0,0,0,0,0,0.0,2017-11-26
1408,0,1,0,1,0,0,0,0.4,2018-06-07
1409,1,1,1,0,0,0,0,0.6,2018-06-08
1410,1,1,1,0,0,0,0,0.6,2018-06-09
1411,0,1,0,0,0,0,0,0.2,2018-06-10
1412,0,1,0,0,0,0,0,0.2,2018-06-11
1413,0,1,0,0,0,0,0,0.2,2018-06-12
1414,0,0,0,0,0,0,0,0.0,2018-06-13
1415,0,0,0,0,1,0,0,0.2,2018-06-14
1416,0,0,0,0,1,0,0,0.2,2018-06-15
1417,0,0,0,0,0,0,0,0.0,2018-06-16
1418,0,0,0,0,0,0,0,0.0,2018-06-17
1419,0,0,0,0,0,0,0,0.0,2018-06-18
1420,0,0,0,0,1,0,0,0.2,2018-06-19
1421,0,0,0,0,1,0,0,0.2,2018-06-20
1422,1,0,0,0,0,0,0,0.2,2018-06-21
1423,1,0,0,0,1,1,0,0.4,2018-06-22
1424,1,0,0,0,1,0,0,0.4,2018-06-23
1425,1,1,0,0,1,0,0,0.6,2018-06-24
1426,1,1,0,0,1,0,0,0.6,2018-06-25
1427,0,1,0,1,1,0,0,0.6,2018-06-26
1428,0,0,0,1,1,0,0,0.4,2018-06-27
1429,0,0,0,1,1,1,0,0.4,2018-06-28
1430,0,1,0,1,1,0,0,0.6,2018-06-29
1431,0,1,0,1,1,0,0,0.6,2018-06-30
1432,0,1,0,1,1,0,0,0.6,2018-07-01
1433,0,1,1,1,1,0,0,0.8,2018-07-02
1434,0,1,1,1,1,0,0,0.8,2018-07-03
1435,0,1,1,1,1,0,0,0.8,2018-07-04
1436,0,1,1,1,1,0,0,0.8,2018-07-05
1437,0,1,1,1,0,1,0,0.6,2018-07-06
1438,0,0,1,1,0,1,0,0.4,2018-07-07
1439,0,0,1,1,0,1,0,0.4,2018-07-08
1440,0,0,0,0,0,0,0,0.0,2018-06-14
1441,0,0,0,0,0,0,0,0.0,2018-06-15
1442,0,0,0,0,0,0,0,0.0,2018-06-16
1443,0,0,0,0,0,0,0,0.0,2018-06-17
1444,0,0,0,0,0,0,0,0.0,2018-06-18
1445,0,0,0,0,0,0,0,0.0,2018-06-19
1446,0,0,0,0,0,0,0,0.0,2018-06-20
1447,0,0,0,0,0,0,0,0.0,2018-06-21
1448,0,0,0,0,0,1,0,0.0,2018-06-22
1449,0,0,0,0,0,0,0,0.0,2018-06-23
1450,0,1,0,0,1,0,0,0.4,2018-06-24
1451,0,1,0,0,1,0,0,0.4,2018-06-25
1452,0,1,0,0,0,0,0,0.2,2018-06-26
1453,0,1,0,0,0,0,0,0.2,2018-06-27
1454,0,1,0,0,1,1,0,0.4,2018-06-28
1455,0,1,0,0,1,0,0,0.4,2018-06-29
1456,0,1,0,1,1,0,0,0.6,2018-06-30
1457,1,1,0,1,0,0,0,0.6,2018-07-01
1458,1,1,0,0,0,0,0,0.4,2018-07-02
1459,0,0,0,0,0,0,0,0.0,2018-07-03
1460,0,0,0,1,0,0,0,0.2,2018-07-04
1461,1,0,0,0,0,0,0,0.2,2018-07-05
1462,1,0,0,1,0,1,0,0.4,2018-07-06
1463,1,0,0,1,1,1,0,0.6,2018-07-07
1464,0,1,1,1,1,1,0,0.8,2018-07-08
1465,0,1,1,1,1,1,0,0.8,2018-07-09
1466,0,1,1,1,1,1,0,0.8,2018-07-10
1467,0,1,1,1,1,0,0,0.8,2018-07-11
1468,0,1,0,1,0,1,1,0.4,2018-07-12
1469,0,1,0,1,0,1,0,0.4,2018-07-13
1470,0,1,0,1,0,1,0,0.4,2018-07-14
1471,1,1,0,1,0,1,1,0.6,2018-07-15
1472,0,1,0,0,0,0,0,0.2,2018-06-21
1473,0,0,1,0,0,1,0,0.2,2018-06-22
1474,1,0,1,0,0,0,0,0.4,2018-06-23
1475,1,0,1,1,0,0,0,0.6,2018-06-24
1476,0,1,0,1,0,0,0,0.4,2018-06-25
1477,0,0,0,1,1,0,0,0.4,2018-06-26
1478,1,0,0,1,1,0,0,0.6,2018-06-27
1479,0,0,0,1,0,1,0,0.2,2018-06-28
1480,0,0,0,0,0,0,0,0.0,2018-06-29
1481,0,0,0,0,0,0,0,0.0,2018-06-30
1482,1,0,0,0,1,0,0,0.4,2018-07-01
1483,1,1,1,0,1,0,0,0.8,2018-07-02
1484,1,1,1,0,1,0,0,0.8,2018-07-03
1485,0,1,1,1,1,0,0,0.8,2018-07-04
1486,0,1,1,0,1,0,0,0.6,2018-07-05
1487,0,0,1,0,1,1,0,0.4,2018-07-06
1488,0,0,1,1,0,1,0,0.4,2018-07-07
1489,0,1,1,0,1,1,0,0.6,2018-07-08
1490,0,1,0,0,1,1,0,0.4,2018-07-09
1491,0,1,0,1,0,1,0,0.4,2018-07-10
1492,0,1,0,1,0,0,0,0.4,2018-07-11
1493,0,1,1,1,0,1,1,0.6,2018-07-12
1494,0,1,1,0,0,1,0,0.4,2018-07-13
1495,0,0,1,0,0,1,0,0.2,2018-07-14
1496,0,0,1,0,0,1,1,0.2,2018-07-15
1497,0,1,1,0,0,1,1,0.4,2018-07-16
1498,0,1,1,1,0,1,0,0.6,2018-07-17
1499,0,0,1,1,0,0,1,0.4,2018-07-18
1500,0,1,1,1,0,0,1,0.6,2018-07-19
1501,0,0,1,0,0,0,1,0.2,2018-07-20
1502,0,1,1,0,1,1,1,0.6,2018-07-21
1503,0,0,0,1,1,1,1,0.4,2018-07-22
1504,0,1,0,0,0,1,0,0.2,2018-06-28
1505,0,0,0,0,0,0,0,0.0,2018-06-29
1506,0,0,0,0,0,0,0,0.0,2018-06-30
1507,0,0,0,0,1,0,0,0.2,2018-07-01
1508,0,0,0,0,0,0,0,0.0,2018-07-02
1509,0,0,0,1,1,0,0,0.4,2018-07-03
1510,0,0,0,1,1,0,0,0.4,2018-07-04
1511,0,0,0,1,1,0,0,0.4,2018-07-05
1512,0,0,0,1,1,1,0,0.4,2018-07-06
1513,0,0,0,1,1,1,0,0.4,2018-07-07
1514,0,1,0,0,1,1,0,0.4,2018-07-08
1515,0,1,0,0,0,1,0,0.2,2018-07-09
1516,0,1,0,0,0,1,0,0.2,2018-07-10
1517,0,1,0,0,1,0,0,0.4,2018-07-11
1518,0,1,0,0,1,1,1,0.4,2018-07-12
1519,0,1,0,0,1,1,0,0.4,2018-07-13
1520,0,1,0,1,0,1,0,0.4,2018-07-14
1521,0,1,0,1,0,1,1,0.4,2018-07-15
1522,0,1,0,0,0,1,1,0.2,2018-07-16
1523,0,1,0,0,0,1,0,0.2,2018-07-17
1524,0,1,1,1,0,0,1,0.6,2018-07-18
1525,0,1,1,1,0,0,1,0.6,2018-07-19
1526,0,1,1,0,0,0,1,0.4,2018-07-20
1527,0,1,1,0,0,1,1,0.4,2018-07-21
1528,0,1,0,1,0,1,1,0.4,2018-07-22
1529,0,1,0,1,0,1,1,0.4,2018-07-23
1530,1,1,1,1,0,0,1,0.8,2018-07-24
1531,1,0,0,1,1,0,0,0.6,2018-07-25
1532,0,1,0,1,1,0,1,0.6,2018-07-26
1533,0,1,0,1,1,0,1,0.6,2018-07-27
1534,0,1,0,0,1,0,0,0.4,2018-07-28
1535,0,0,0,1,1,0,1,0.4,2018-07-29
1536,0,1,0,1,0,0,0,0.4,2018-07-05
1537,0,1,0,1,0,1,0,0.4,2018-07-06
1538,0,1,1,1,0,1,0,0.6,2018-07-07
1539,1,1,1,1,0,1,0,0.8,2018-07-08
1540,1,1,1,1,0,1,0,0.8,2018-07-09
1541,1,1,1,1,1,1,0,1.0,2018-07-10
1542,0,1,1,1,1,0,0,0.8,2018-07-11
1543,1,1,1,1,1,1,1,1.0,2018-07-12
1544,0,1,0,1,1,1,0,0.6,2018-07-13
1545,0,1,1,1,1,1,0,0.8,2018-07-14
1546,0,1,1,1,0,1,1,0.6,2018-07-15
1547,0,1,1,1,0,1,1,0.6,2018-07-16
1548,1,1,1,1,0,1,0,0.8,2018-07-17
1549,1,1,0,1,0,0,1,0.6,2018-07-18
1550,1,0,0,1,0,0,1,0.4,2018-07-19
1551,1,0,1,1,0,0,1,0.6,2018-07-20
1552,0,1,1,1,0,1,1,0.6,2018-07-21
1553,0,1,1,1,0,1,1,0.6,2018-07-22
1554,0,1,1,1,0,1,1,0.6,2018-07-23
1555,0,0,1,1,0,0,1,0.4,2018-07-24
1556,0,0,1,0,0,0,0,0.2,2018-07-25
1557,0,0,1,1,0,0,1,0.4,2018-07-26
1558,0,0,0,1,1,0,1,0.4,2018-07-27
1559,1,0,0,0,1,0,0,0.4,2018-07-28
1560,1,0,0,0,1,0,1,0.4,2018-07-29
1561,0,0,0,0,1,0,1,0.2,2018-07-30
1562,1,1,0,0,1,0,0,0.6,2018-07-31
1563,0,1,0,0,1,0,0,0.4,2018-08-01
1564,0,1,0,0,1,0,1,0.4,2018-08-02
1565,0,1,0,0,1,0,1,0.4,2018-08-03
1566,0,1,0,1,1,0,1,0.6,2018-08-04
1567,0,1,0,1,0,0,1,0.4,2018-08-05
1568,1,1,1,1,0,1,1,0.8,2018-07-12
1569,0,1,1,1,0,1,0,0.6,2018-07-13
1570,1,1,1,1,0,1,0,0.8,2018-07-14
1571,1,1,1,1,0,1,1,0.8,2018-07-15
1572,1,1,1,1,1,1,1,1.0,2018-07-16
1573,1,1,1,1,1,1,0,1.0,2018-07-17
1574,0,0,1,1,1,0,1,0.6,2018-07-18
1575,0,1,1,1,0,0,1,0.6,2018-07-19
1576,0,1,1,1,1,0,1,0.8,2018-07-20
1577,0,1,0,1,0,1,1,0.4,2018-07-21
1578,0,0,0,1,0,1,1,0.2,2018-07-22
1579,0,1,0,0,0,1,1,0.2,2018-07-23
1580,0,1,0,0,0,0,1,0.2,2018-07-24
1581,0,1,0,0,0,0,0,0.2,2018-07-25
1582,0,1,0,0,0,0,1,0.2,2018-07-26
1583,0,0,0,0,0,0,1,0.0,2018-07-27
1584,0,1,0,1,0,0,0,0.4,2018-07-28
1585,0,1,0,0,1,0,1,0.4,2018-07-29
1586,0,1,0,0,1,0,1,0.4,2018-07-30
1587,0,1,0,1,1,0,0,0.6,2018-07-31
1588,0,0,0,1,1,0,0,0.4,2018-08-01
1589,0,1,0,1,0,0,1,0.4,2018-08-02
1590,0,0,0,1,0,0,1,0.2,2018-08-03
1591,0,0,0,1,1,0,1,0.4,2018-08-04
1592,0,0,0,1,1,0,1,0.4,2018-08-05
1593,0,0,0,1,0,0,1,0.2,2018-08-06
1594,1,0,0,1,1,0,1,0.6,2018-08-07
1595,1,0,0,0,1,1,1,0.4,2018-08-08
1596,1,0,0,1,0,0,0,0.4,2018-08-09
1597,0,0,0,0,0,0,1,0.0,2018-08-10
1598,0,0,1,0,0,0,0,0.2,2018-08-11
1599,0,0,1,0,0,1,0,0.2,2018-08-12
1600,1,1,0,1,0,0,1,0.6,2018-07-19
1601,1,1,1,1,0,0,1,0.8,2018-07-20
1602,1,1,1,1,0,1,1,0.8,2018-07-21
1603,1,1,1,1,1,1,1,1.0,2018-07-22
1604,1,1,1,1,1,1,1,1.0,2018-07-23
1605,0,1,0,1,1,0,1,0.6,2018-07-24
1606,1,0,0,1,0,0,0,0.4,2018-07-25
1607,1,0,0,1,0,0,1,0.4,2018-07-26
1608,1,0,0,1,0,0,1,0.4,2018-07-27
1609,0,0,0,1,0,0,0,0.2,2018-07-28
1610,0,0,0,1,0,0,1,0.2,2018-07-29
1611,0,0,0,1,0,0,1,0.2,2018-07-30
1612,0,1,0,0,0,0,0,0.2,2018-07-31
1613,0,0,0,0,1,0,0,0.2,2018-08-01
1614,0,1,0,0,1,0,1,0.4,2018-08-02
1615,0,0,0,1,1,0,1,0.4,2018-08-03
1616,0,0,0,0,1,0,1,0.2,2018-08-04
1617,0,0,0,0,1,0,1,0.2,2018-08-05
1618,0,0,0,1,1,0,1,0.4,2018-08-06
1619,0,0,0,1,1,0,1,0.4,2018-08-07
1620,0,0,1,1,1,1,1,0.6,2018-08-08
1621,1,0,0,1,1,0,0,0.6,2018-08-09
1622,1,0,0,1,1,0,1,0.6,2018-08-10
1623,0,0,0,1,0,0,0,0.2,2018-08-11
1624,0,1,0,1,0,1,0,0.4,2018-08-12
1625,0,1,1,0,0,0,1,0.4,2018-08-13
1626,0,1,1,0,0,0,0,0.4,2018-08-14
1627,0,0,1,0,0,0,0,0.2,2018-08-15
1628,0,1,0,1,0,1,1,0.4,2018-08-16
1629,0,1,0,1,0,1,0,0.4,2018-08-17
1630,0,1,0,0,0,0,0,0.2,2018-08-18
1631,0,0,0,0,0,0,0,0.0,2018-08-19
1632,0,0,0,0,0,0,1,0.0,2018-07-26
1633,0,0,0,0,0,0,1,0.0,2018-07-27
1634,0,0,0,0,0,0,0,0.0,2018-07-28
1635,0,0,0,1,0,0,1,0.2,2018-07-29
1636,0,0,0,1,0,0,1,0.2,2018-07-30
1637,0,0,0,1,0,0,0,0.2,2018-07-31
1638,0,0,0,1,0,0,0,0.2,2018-08-01
1639,0,0,0,0,0,0,1,0.0,2018-08-02
1640,0,0,0,1,0,0,1,0.2,2018-08-03
1641,0,0,0,0,0,0,1,0.0,2018-08-04
1642,0,0,0,1,0,0,1,0.2,2018-08-05
1643,0,0,0,1,0,0,1,0.2,2018-08-06
1644,0,1,0,1,1,0,1,0.6,2018-08-07
1645,0,0,0,1,1,1,1,0.4,2018-08-08
1646,0,0,0,0,1,0,0,0.2,2018-08-09
1647,0,0,0,0,1,0,1,0.2,2018-08-10
1648,1,0,0,0,1,0,0,0.4,2018-08-11
1649,1,1,0,0,1,1,0,0.6,2018-08-12
1650,0,1,0,0,1,0,1,0.4,2018-08-13
1651,0,0,0,1,0,0,0,0.2,2018-08-14
1652,1,0,0,0,0,0,0,0.2,2018-08-15
1653,0,0,0,1,0,1,1,0.2,2018-08-16
1654,0,0,0,1,0,1,0,0.2,2018-08-17
1655,0,0,0,0,1,0,0,0.2,2018-08-18
1656,0,0,0,1,1,0,0,0.4,2018-08-19
1657,0,0,0,1,1,1,1,0.4,2018-08-20
1658,0,0,0,0,1,1,1,0.2,2018-08-21
1659,0,0,1,0,0,0,0,0.2,2018-08-22
1660,0,0,1,0,0,0,0,0.2,2018-08-23
1661,0,0,0,1,1,0,0,0.4,2018-08-24
1662,0,0,0,1,1,0,0,0.4,2018-08-25
1663,0,0,0,1,0,0,0,0.2,2018-08-26
1664,0,0,0,0,0,0,1,0.0,2018-08-02
1665,0,0,0,0,0,0,1,0.0,2018-08-03
1666,0,0,0,0,0,0,1,0.0,2018-08-04
1667,0,0,0,0,0,0,1,0.0,2018-08-05
1668,0,0,0,0,0,0,1,0.0,2018-08-06
1669,0,0,0,1,0,0,1,0.2,2018-08-07
1670,0,0,0,1,0,1,1,0.2,2018-08-08
1671,0,0,0,1,0,0,0,0.2,2018-08-09
1672,0,0,0,0,0,0,1,0.0,2018-08-10
1673,1,1,0,1,0,0,0,0.6,2018-08-11
1674,1,1,1,1,0,1,0,0.8,2018-08-12
1675,1,0,0,1,0,0,1,0.4,2018-08-13
1676,1,0,0,1,0,0,0,0.4,2018-08-14
1677,0,1,0,1,0,0,0,0.4,2018-08-15
1678,1,1,0,1,0,1,1,0.6,2018-08-16
1679,1,0,0,1,0,1,0,0.4,2018-08-17
1680,0,1,0,1,0,0,0,0.4,2018-08-18
1681,0,1,0,1,1,0,0,0.6,2018-08-19
1682,0,1,0,1,1,1,1,0.6,2018-08-20
1683,0,1,0,1,0,1,1,0.4,2018-08-21
1684,0,1,0,0,0,0,0,0.2,2018-08-22
1685,0,1,0,0,0,0,0,0.2,2018-08-23
1686,0,0,0,1,0,0,0,0.2,2018-08-24
1687,0,0,1,1,0,0,0,0.4,2018-08-25
1688,1,0,0,1,0,0,0,0.4,2018-08-26
1689,1,1,0,1,0,1,0,0.6,2018-08-27
1690,1,1,0,1,0,0,0,0.6,2018-08-28
1691,1,1,0,1,0,0,0,0.6,2018-08-29
1692,0,1,0,1,1,0,0,0.6,2018-08-30
1693,1,1,0,0,1,0,0,0.6,2018-08-31
1694,1,1,0,1,0,0,0,0.6,2018-09-01
1695,1,1,0,1,0,0,0,0.6,2018-09-02
1696,0,0,0,0,0,0,0,0.0,2018-08-09
1697,0,0,0,0,0,0,1,0.0,2018-08-10
1698,0,1,1,0,0,0,0,0.4,2018-08-11
1699,0,1,1,0,0,1,0,0.4,2018-08-12
1700,0,1,1,0,0,0,1,0.4,2018-08-13
1701,0,0,1,0,1,0,0,0.4,2018-08-14
1702,0,1,1,0,0,0,0,0.4,2018-08-15
1703,1,0,1,0,1,1,1,0.6,2018-08-16
1704,1,0,0,0,1,1,0,0.4,2018-08-17
1705,1,0,0,1,1,0,0,0.6,2018-08-18
1706,1,0,0,0,1,0,0,0.4,2018-08-19
1707,0,0,0,0,0,1,1,0.0,2018-08-20
1708,0,1,0,0,0,1,1,0.2,2018-08-21
1709,0,1,0,0,0,0,0,0.2,2018-08-22
1710,0,1,0,0,0,0,0,0.2,2018-08-23
1711,0,1,0,0,0,0,0,0.2,2018-08-24
1712,1,0,0,1,0,0,0,0.4,2018-08-25
1713,0,0,0,1,0,0,0,0.2,2018-08-26
1714,0,0,0,1,0,1,0,0.2,2018-08-27
1715,0,1,0,1,1,0,0,0.6,2018-08-28
1716,0,1,0,1,0,0,0,0.4,2018-08-29
1717,0,1,0,0,0,0,0,0.2,2018-08-30
1718,0,1,0,0,0,0,0,0.2,2018-08-31
1719,0,1,0,0,0,0,0,0.2,2018-09-01
1720,0,0,0,0,0,0,0,0.0,2018-09-02
1721,0,1,0,1,0,0,0,0.4,2018-09-03
1722,0,0,0,1,0,0,0,0.2,2018-09-04
1723,0,0,0,1,0,0,0,0.2,2018-09-05
1724,0,0,0,1,0,0,0,0.2,2018-09-06
1725,0,1,0,1,0,0,0,0.4,2018-09-07
1726,0,1,0,1,0,0,0,0.4,2018-09-08
1727,1,1,0,1,0,0,0,0.6,2018-09-09
1728,1,1,1,1,1,1,1,1.0,2018-08-16
1729,1,1,1,1,0,1,0,0.8,2018-08-17
1730,0,1,0,0,0,0,0,0.2,2018-08-18
1731,0,1,0,0,1,0,0,0.4,2018-08-19
1732,0,1,0,0,1,1,1,0.4,2018-08-20
1733,1,1,1,1,1,1,1,1.0,2018-08-21
1734,1,1,0,1,0,0,0,0.6,2018-08-22
1735,0,0,0,1,0,0,0,0.2,2018-08-23
1736,0,0,0,0,0,0,0,0.0,2018-08-24
1737,0,0,0,0,0,0,0,0.0,2018-08-25
1738,0,0,0,0,1,0,0,0.2,2018-08-26
1739,0,0,0,0,0,1,0,0.0,2018-08-27
1740,0,0,0,0,0,0,0,0.0,2018-08-28
1741,0,0,0,0,0,0,0,0.0,2018-08-29
1742,0,0,0,0,0,0,0,0.0,2018-08-30
1743,1,0,0,0,0,0,0,0.2,2018-08-31
1744,1,0,0,0,0,0,0,0.2,2018-09-01
1745,0,0,0,0,0,0,0,0.0,2018-09-02
1746,0,0,0,0,1,0,0,0.2,2018-09-03
1747,0,1,0,0,0,0,0,0.2,2018-09-04
1748,0,1,0,0,0,0,0,0.2,2018-09-05
1749,0,1,0,0,0,0,0,0.2,2018-09-06
1750,0,1,0,0,0,0,0,0.2,2018-09-07
1751,0,1,0,0,0,0,0,0.2,2018-09-08
1752,1,1,0,0,0,0,0,0.4,2018-09-09
1753,1,0,0,0,1,0,0,0.4,2018-09-10
1754,1,0,0,0,1,0,0,0.4,2018-09-11
1755,0,0,0,0,1,0,0,0.2,2018-09-12
1756,0,0,0,1,0,0,0,0.2,2018-09-13
1757,0,0,0,0,0,0,0,0.0,2018-09-14
1758,0,0,0,0,0,0,0,0.0,2018-09-15
1759,0,0,0,0,0,0,0,0.0,2018-09-16
1760,0,0,0,0,0,0,0,0.0,2018-08-23
1761,0,0,0,0,0,0,0,0.0,2018-08-24
1762,0,0,0,0,0,0,0,0.0,2018-08-25
1763,1,0,0,0,0,0,0,0.2,2018-08-26
1764,1,0,1,0,0,1,0,0.4,2018-08-27
1765,0,0,0,1,0,0,0,0.2,2018-08-28
1766,1,0,0,1,0,0,0,0.4,2018-08-29
1767,1,0,0,0,0,0,0,0.2,2018-08-30
1768,0,0,0,0,0,0,0,0.0,2018-08-31
1769,0,0,0,0,1,0,0,0.2,2018-09-01
1770,0,0,0,0,0,0,0,0.0,2018-09-02
1771,0,0,0,0,0,0,0,0.0,2018-09-03
1772,0,0,0,1,0,0,0,0.2,2018-09-04
1773,0,0,0,0,0,0,0,0.0,2018-09-05
1774,0,0,0,0,0,0,0,0.0,2018-09-06
1775,0,0,0,0,0,0,0,0.0,2018-09-07
1776,1,0,0,0,1,0,0,0.4,2018-09-08
1777,0,0,0,0,1,0,0,0.2,2018-09-09
1778,0,0,0,0,0,0,0,0.0,2018-09-10
1779,0,0,0,0,0,0,0,0.0,2018-09-11
1780,0,0,0,1,0,0,0,0.2,2018-09-12
1781,0,0,0,1,0,0,0,0.2,2018-09-13
1782,0,0,1,1,0,0,0,0.4,2018-09-14
1783,0,0,1,0,0,0,0,0.2,2018-09-15
1784,0,0,1,0,0,0,0,0.2,2018-09-16
1785,0,0,0,0,0,0,0,0.0,2018-09-17
1786,0,1,0,0,0,0,0,0.2,2018-09-18
1787,0,1,0,0,0,0,0,0.2,2018-09-19
1788,0,0,0,0,0,0,0,0.0,2018-09-20
1789,0,1,0,0,0,1,0,0.2,2018-09-21
1790,0,1,0,0,0,1,0,0.2,2018-09-22
1791,0,1,0,0,0,0,0,0.2,2018-09-23
1792,0,0,0,0,0,0,0,0.0,2018-08-30
1793,1,1,1,1,0,0,0,0.8,2018-08-31
1794,0,1,0,0,0,0,0,0.2,2018-09-01
1795,0,0,0,0,0,0,0,0.0,2018-09-02
1796,0,0,0,0,0,0,0,0.0,2018-09-03
1797,0,0,0,0,1,0,0,0.2,2018-09-04
1798,0,0,0,0,0,0,0,0.0,2018-09-05
1799,0,0,0,1,0,0,0,0.2,2018-09-06
1800,0,0,0,1,1,0,0,0.4,2018-09-07
1801,0,0,0,1,0,0,0,0.2,2018-09-08
1802,0,0,0,1,1,0,0,0.4,2018-09-09
1803,0,0,0,0,0,0,0,0.0,2018-09-10
1804,0,0,0,0,0,0,0,0.0,2018-09-11
1805,0,0,0,0,0,0,0,0.0,2018-09-12
1806,0,0,0,0,0,0,0,0.0,2018-09-13
1807,0,0,0,0,0,0,0,0.0,2018-09-14
1808,0,1,0,0,0,0,0,0.2,2018-09-15
1809,0,1,0,0,0,0,0,0.2,2018-09-16
1810,0,1,0,0,0,0,0,0.2,2018-09-17
1811,0,1,0,0,0,0,0,0.2,2018-09-18
1812,0,1,0,0,0,0,0,0.2,2018-09-19
1813,0,1,0,0,0,0,0,0.2,2018-09-20
1814,0,1,0,0,1,1,0,0.4,2018-09-21
1815,0,1,1,0,0,1,0,0.4,2018-09-22
1816,0,1,1,0,0,0,0,0.4,2018-09-23
1817,0,1,0,0,0,0,0,0.2,2018-09-24
1818,0,1,0,0,0,0,0,0.2,2018-09-25
1819,0,1,0,0,0,0,0,0.2,2018-09-26
1820,0,0,0,0,0,0,0,0.0,2018-09-27
1821,0,0,0,0,0,0,0,0.0,2018-09-28
1822,0,0,0,0,0,0,0,0.0,2018-09-29
1823,0,0,0,0,0,0,0,0.0,2018-09-30
1824,0,0,0,0,0,0,0,0.0,2018-09-06
1825,0,0,0,0,0,0,0,0.0,2018-09-07
1826,0,0,0,0,0,0,0,0.0,2018-09-08
1827,0,0,0,0,0,0,0,0.0,2018-09-09
1828,0,0,0,0,0,0,0,0.0,2018-09-10
1829,0,0,0,0,0,0,0,0.0,2018-09-11
1830,0,0,0,0,0,0,0,0.0,2018-09-12
1831,0,0,0,0,0,0,0,0.0,2018-09-13
1832,0,0,0,0,0,0,0,0.0,2018-09-14
1833,0,0,0,0,0,0,0,0.0,2018-09-15
1834,0,0,0,0,0,0,0,0.0,2018-09-16
1835,0,1,0,0,0,0,0,0.2,2018-09-17
1836,0,1,0,0,0,0,0,0.2,2018-09-18
1837,0,1,0,0,0,0,0,0.2,2018-09-19
1838,0,0,1,1,0,0,0,0.4,2018-09-20
1839,0,0,1,1,0,1,0,0.4,2018-09-21
1840,0,0,0,1,0,1,0,0.2,2018-09-22
1841,1,0,0,1,0,0,0,0.4,2018-09-23
1842,1,0,0,0,0,0,0,0.2,2018-09-24
1843,1,1,0,0,0,0,0,0.4,2018-09-25
1844,0,1,0,0,0,0,0,0.2,2018-09-26
1845,0,1,0,0,0,0,0,0.2,2018-09-27
1846,0,1,0,0,0,0,0,0.2,2018-09-28
1847,0,1,0,0,0,0,0,0.2,2018-09-29
1848,0,0,0,0,0,0,0,0.0,2018-09-30
1849,0,0,0,0,0,0,0,0.0,2018-10-01
1850,0,0,0,0,0,0,0,0.0,2018-10-02
1851,0,0,0,0,0,0,0,0.0,2018-10-03
1852,0,0,0,0,0,0,0,0.0,2018-10-04
1853,0,0,0,0,0,0,0,0.0,2018-10-05
1854,0,0,0,0,0,0,0,0.0,2018-10-06
1855,0,0,0,0,0,0,0,0.0,2018-10-07
1856,0,0,0,0,0,0,0,0.0,2018-09-13
1857,0,0,0,0,0,0,0,0.0,2018-09-14
1858,0,0,0,0,0,0,0,0.0,2018-09-15
1859,0,0,0,0,0,0,0,0.0,2018-09-16
1860,0,0,0,0,0,0,0,0.0,2018-09-17
1861,0,0,0,0,0,0,0,0.0,2018-09-18
1862,0,0,0,0,0,0,0,0.0,2018-09-19
1863,0,0,0,0,0,0,0,0.0,2018-09-20
1864,0,0,0,0,0,1,0,0.0,2018-09-21
1865,0,0,0,0,0,1,0,0.0,2018-09-22
1866,0,0,1,0,0,0,0,0.2,2018-09-23
1867,0,0,1,0,0,0,0,0.2,2018-09-24
1868,0,0,1,0,0,0,0,0.2,2018-09-25
1869,0,0,0,0,0,0,0,0.0,2018-09-26
1870,0,0,0,0,0,0,0,0.0,2018-09-27
1871,0,0,0,0,0,0,0,0.0,2018-09-28
1872,0,0,0,0,0,0,0,0.0,2018-09-29
1873,0,0,0,0,0,0,0,0.0,2018-09-30
1874,0,1,0,0,0,0,0,0.2,2018-10-01
1875,0,0,0,0,0,0,0,0.0,2018-10-02
1876,0,1,0,0,0,0,0,0.2,2018-10-03
1877,0,0,0,0,0,0,0,0.0,2018-10-04
1878,0,0,0,0,0,0,0,0.0,2018-10-05
1879,0,0,0,0,0,0,0,0.0,2018-10-06
1880,0,0,0,0,0,0,0,0.0,2018-10-07
1881,0,0,0,0,0,0,0,0.0,2018-10-08
1882,0,0,0,0,0,0,0,0.0,2018-10-09
1883,0,0,0,0,0,0,0,0.0,2018-10-10
1884,0,0,0,0,0,0,0,0.0,2018-10-11
1885,0,0,0,1,0,0,0,0.2,2018-10-12
1886,0,0,0,1,0,0,0,0.2,2018-10-13
1887,0,0,0,0,1,0,0,0.2,2018-10-14
1888,1,1,0,1,0,0,0,0.6,2018-09-20
1889,1,1,1,1,0,1,0,0.8,2018-09-21
1890,1,0,0,1,0,1,0,0.4,2018-09-22
1891,0,0,0,0,0,0,0,0.0,2018-09-23
1892,0,0,0,0,0,0,0,0.0,2018-09-24
1893,0,0,0,0,0,0,0,0.0,2018-09-25
1894,0,0,0,0,0,0,0,0.0,2018-09-26
1895,0,0,0,0,0,0,0,0.0,2018-09-27
1896,0,0,0,0,0,0,0,0.0,2018-09-28
1897,0,0,0,0,0,0,0,0.0,2018-09-29
1898,0,0,0,0,0,0,0,0.0,2018-09-30
1899,0,0,0,0,0,0,0,0.0,2018-10-01
1900,0,0,0,0,0,0,0,0.0,2018-10-02
1901,0,0,0,0,0,0,0,0.0,2018-10-03
1902,0,0,0,0,0,0,0,0.0,2018-10-04
1903,0,0,0,0,0,0,0,0.0,2018-10-05
1904,0,0,0,0,0,0,0,0.0,2018-10-06
1905,0,0,0,0,0,0,0,0.0,2018-10-07
1906,0,0,0,0,0,0,0,0.0,2018-10-08
1907,0,0,0,0,0,0,0,0.0,2018-10-09
1908,0,0,0,0,0,0,0,0.0,2018-10-10
1909,0,0,0,0,0,0,0,0.0,2018-10-11
1910,0,0,0,0,0,0,0,0.0,2018-10-12
1911,0,0,0,0,0,0,0,0.0,2018-10-13
1912,0,0,0,0,0,0,0,0.0,2018-10-14
1913,0,0,0,0,0,0,0,0.0,2018-10-15
1914,0,0,0,0,0,0,0,0.0,2018-10-16
1915,0,0,0,0,0,0,0,0.0,2018-10-17
1916,0,0,0,0,0,0,0,0.0,2018-10-18
1917,0,0,0,0,0,0,0,0.0,2018-10-19
1918,0,0,0,0,0,0,0,0.0,2018-10-20
1919,0,0,0,0,0,0,0,0.0,2018-10-21
1920,0,0,0,0,0,0,0,0.0,2018-09-27
1921,0,0,0,0,0,0,0,0.0,2018-09-28
1922,0,0,0,0,0,0,0,0.0,2018-09-29
1923,0,0,0,0,0,0,0,0.0,2018-09-30
1924,0,0,0,0,0,0,0,0.0,2018-10-01
1925,0,0,0,0,0,0,0,0.0,2018-10-02
1926,0,0,0,0,0,0,0,0.0,2018-10-03
1927,0,0,0,0,0,0,0,0.0,2018-10-04
1928,0,0,0,1,0,0,0,0.2,2018-10-05
1929,0,0,0,1,0,0,0,0.2,2018-10-06
1930,0,0,0,0,0,0,0,0.0,2018-10-07
1931,0,0,0,0,0,0,0,0.0,2018-10-08
1932,0,0,0,0,0,0,0,0.0,2018-10-09
1933,0,0,0,0,0,0,0,0.0,2018-10-10
1934,0,0,0,0,0,0,0,0.0,2018-10-11
1935,0,0,0,0,0,0,0,0.0,2018-10-12
1936,0,0,0,0,0,0,0,0.0,2018-10-13
1937,0,0,0,0,0,0,0,0.0,2018-10-14
1938,0,0,0,0,0,0,0,0.0,2018-10-15
1939,0,0,0,0,0,0,0,0.0,2018-10-16
1940,0,0,0,0,0,0,0,0.0,2018-10-17
1941,0,0,0,0,0,0,0,0.0,2018-10-18
1942,0,0,0,0,0,0,0,0.0,2018-10-19
1943,0,0,0,0,0,0,0,0.0,2018-10-20
1944,0,0,0,0,0,0,0,0.0,2018-10-21
1945,0,0,0,0,0,0,0,0.0,2018-10-22
1946,0,0,0,0,0,0,0,0.0,2018-10-23
1947,0,0,0,0,0,0,0,0.0,2018-10-24
1948,0,0,0,0,0,0,0,0.0,2018-10-25
1949,0,0,0,0,0,0,0,0.0,2018-10-26
1950,0,0,0,0,0,0,0,0.0,2018-10-27
1951,0,0,0,0,0,0,0,0.0,2018-10-28
1952,0,0,0,0,0,0,0,0.0,2018-10-04
1953,0,0,0,0,0,0,0,0.0,2018-10-05
1954,0,0,0,0,0,0,0,0.0,2018-10-06
1955,0,0,0,0,0,0,0,0.0,2018-10-07
1956,0,0,0,1,0,0,0,0.2,2018-10-08
1957,0,0,0,0,0,0,0,0.0,2018-10-09
1958,0,0,0,0,0,0,0,0.0,2018-10-10
1959,0,0,0,0,0,0,0,0.0,2018-10-11
1960,0,0,0,0,0,0,0,0.0,2018-10-12
1961,0,0,0,0,0,0,0,0.0,2018-10-13
1962,0,0,0,0,0,0,0,0.0,2018-10-14
1963,0,0,0,0,0,0,0,0.0,2018-10-15
1964,0,0,0,0,0,0,0,0.0,2018-10-16
1965,0,0,0,0,0,0,0,0.0,2018-10-17
1966,0,0,0,0,0,0,0,0.0,2018-10-18
1967,0,0,0,0,0,0,0,0.0,2018-10-19
1968,0,0,0,0,0,0,0,0.0,2018-10-20
1969,0,0,0,0,0,0,0,0.0,2018-10-21
1970,0,0,0,0,0,0,0,0.0,2018-10-22
1971,0,0,0,0,0,0,0,0.0,2018-10-23
1972,0,0,0,0,0,0,0,0.0,2018-10-24
1973,0,0,1,0,0,0,0,0.2,2018-10-25
1974,0,0,0,0,0,0,0,0.0,2018-10-26
1975,0,0,0,0,0,0,0,0.0,2018-10-27
1976,0,0,0,0,0,0,0,0.0,2018-10-28
1977,0,0,0,0,0,0,0,0.0,2018-10-29
1978,0,0,0,0,0,0,0,0.0,2018-10-30
1979,0,0,0,0,0,0,0,0.0,2018-10-31
1980,0,0,0,0,0,0,0,0.0,2018-11-01
1981,0,0,0,0,0,0,0,0.0,2018-11-02
1982,0,0,0,0,0,0,0,0.0,2018-11-03
1983,0,0,0,0,0,0,0,0.0,2018-11-04
1984,0,0,0,0,0,0,0,0.0,2018-10-11
1985,0,0,0,0,0,0,0,0.0,2018-10-12
1986,0,0,0,0,0,0,0,0.0,2018-10-13
1987,0,0,0,0,0,0,0,0.0,2018-10-14
1988,0,0,0,0,0,0,0,0.0,2018-10-15
1989,0,0,0,0,0,0,0,0.0,2018-10-16
1990,0,0,0,0,0,0,0,0.0,2018-10-17
1991,0,0,0,0,0,0,0,0.0,2018-10-18
1992,0,0,0,0,0,0,0,0.0,2018-10-19
1993,0,0,0,0,0,0,0,0.0,2018-10-20
1994,1,0,0,0,0,0,0,0.2,2018-10-21
1995,0,0,0,0,0,0,0,0.0,2018-10-22
1996,0,0,0,0,0,0,0,0.0,2018-10-23
1997,0,0,0,0,0,0,0,0.0,2018-10-24
1998,0,0,0,0,0,0,0,0.0,2018-10-25
1999,0,0,0,0,0,0,0,0.0,2018-10-26
2000,0,0,0,0,0,0,0,0.0,2018-10-27
2001,0,0,0,0,0,0,0,0.0,2018-10-28
2002,0,0,0,0,0,0,0,0.0,2018-10-29
2003,0,0,0,0,0,0,0,0.0,2018-10-30
2004,0,0,0,0,0,0,0,0.0,2018-10-31
2005,0,0,0,0,0,0,0,0.0,2018-11-01
2006,0,0,0,0,0,0,0,0.0,2018-11-02
2007,0,0,0,0,0,0,0,0.0,2018-11-03
2008,0,0,0,0,0,0,0,0.0,2018-11-04
2009,0,0,1,0,0,0,0,0.2,2018-11-05
2010,0,0,0,0,0,0,0,0.0,2018-11-06
2011,0,0,0,0,0,0,0,0.0,2018-11-07
2012,0,0,0,0,0,0,0,0.0,2018-11-08
2013,0,0,0,0,0,0,0,0.0,2018-11-09
2014,0,0,0,0,0,0,0,0.0,2018-11-10
2015,0,0,0,0,0,0,0,0.0,2018-11-11
2016,0,0,0,0,0,0,0,0.0,2018-10-18
2017,0,0,0,0,0,0,0,0.0,2018-10-19
2018,0,0,0,0,0,0,0,0.0,2018-10-20
2019,0,0,0,0,0,0,0,0.0,2018-10-21
2020,0,0,0,0,0,0,0,0.0,2018-10-22
2021,0,0,0,0,0,0,0,0.0,2018-10-23
2022,0,0,0,0,0,0,0,0.0,2018-10-24
2023,0,0,0,0,0,0,0,0.0,2018-10-25
2024,0,0,0,0,0,0,0,0.0,2018-10-26
2025,0,0,0,0,1,0,0,0.2,2018-10-27
2026,0,0,0,0,1,0,0,0.2,2018-10-28
2027,0,0,0,0,0,0,0,0.0,2018-10-29
2028,0,0,0,0,0,0,0,0.0,2018-10-30
2029,0,0,0,0,0,0,0,0.0,2018-10-31
2030,0,0,0,0,0,0,0,0.0,2018-11-01
2031,0,0,0,0,0,0,0,0.0,2018-11-02
2032,0,0,0,0,0,0,0,0.0,2018-11-03
2033,0,0,0,0,0,0,0,0.0,2018-11-04
2034,0,0,0,0,0,0,0,0.0,2018-11-05
2035,0,0,0,0,0,0,0,0.0,2018-11-06
2036,0,0,0,0,0,0,0,0.0,2018-11-07
2037,0,0,0,0,0,0,0,0.0,2018-11-08
2038,0,0,0,0,0,0,0,0.0,2018-11-09
2039,0,0,0,0,0,0,0,0.0,2018-11-10
2040,0,0,0,0,0,0,0,0.0,2018-11-11
2041,0,0,0,0,0,0,0,0.0,2018-11-12
2042,0,0,0,0,0,0,0,0.0,2018-11-13
2043,0,0,0,0,0,0,0,0.0,2018-11-14
2044,0,0,0,0,0,0,0,0.0,2018-11-15
2045,0,0,0,0,0,0,0,0.0,2018-11-16
2046,0,0,0,0,0,0,0,0.0,2018-11-17
2047,0,0,0,0,0,0,0,0.0,2018-11-18
2048,0,0,0,0,0,0,0,0.0,2018-10-25
2049,0,0,0,0,0,0,0,0.0,2018-10-26
2050,0,0,0,0,0,0,0,0.0,2018-10-27
2051,0,0,0,0,0,0,0,0.0,2018-10-28
2052,0,0,0,0,0,0,0,0.0,2018-10-29
2053,0,0,0,0,0,0,0,0.0,2018-10-30
2054,0,0,0,0,0,0,0,0.0,2018-10-31
2055,0,0,0,0,0,0,0,0.0,2018-11-01
2056,0,0,0,0,0,0,0,0.0,2018-11-02
2057,0,0,0,0,0,0,0,0.0,2018-11-03
2058,0,0,0,0,0,0,0,0.0,2018-11-04
2059,0,0,0,0,0,0,0,0.0,2018-11-05
2060,0,0,0,0,0,0,0,0.0,2018-11-06
2061,0,0,0,0,0,0,0,0.0,2018-11-07
2062,0,0,0,0,0,0,0,0.0,2018-11-08
2063,0,0,0,0,0,0,0,0.0,2018-11-09
2064,0,0,0,0,0,0,0,0.0,2018-11-10
2065,0,0,0,0,0,0,0,0.0,2018-11-11
2066,0,0,0,0,0,0,0,0.0,2018-11-12
2067,0,0,0,0,0,0,0,0.0,2018-11-13
2068,0,0,0,0,0,0,0,0.0,2018-11-14
2069,0,0,0,0,0,0,0,0.0,2018-11-15
2070,0,0,0,0,0,0,0,0.0,2018-11-16
2071,0,0,0,0,0,0,0,0.0,2018-11-17
2072,0,0,0,0,0,0,0,0.0,2018-11-18
2073,0,0,0,0,0,0,0,0.0,2018-11-19
2074,0,0,0,0,0,0,0,0.0,2018-11-20
2075,0,0,0,0,0,0,0,0.0,2018-11-21
2076,0,0,0,0,0,0,0,0.0,2018-11-22
2077,0,0,0,0,0,0,0,0.0,2018-11-23
2078,0,0,0,0,0,0,0,0.0,2018-11-24
2079,0,0,0,0,0,0,0,0.0,2018-11-25
